miasto,lat,lng,populatio
Warszawa,52.2331,21.0614,1764615
Kraków,50.0469,20.0048,767348
Łódź,51.7732,19.4804,690422
Wrocław,51.10773,17.03533,638586
Poznań,52.40619,16.92341,538633
Gdańsk,54.3611,18.6897,464254
Szczecin,53.4296,14.6242,403883
Bydgoszcz,53.12973,18.0383,352313
Lublin,51.2181,22.5639,339850
Białystok,53.12744,23.15649,297288
Katowice,50.2141,19.0079,296262
Gdynia,54.50361,18.46374,246306
Częstochowa,50.8096,19.1221,224376
Radom,51.4172,21.1561,214566
Sosnowiec,50.2711,19.1946,204013
Toruń,53.0144,18.6014,202562
Kielce,50.8541,20.6155,196804
Rzeszów,50.0054,21.9884,189662
Gliwice,50.3011,18.6498,181309
Zabrze,50.31412,18.79656,174349
Olsztyn,53.7765,20.4665,173070
Bielsko-Biała,49.812,19.0389,171505
Bytom,50.3652,18.8763,168394
Zielona Góra,51.9376,15.5121,139819
Rybnik,50.1108,18.5492,139129
Ruda Śląska,50.27006,18.87424,138578
Tychy,50.1264,19.0083,128211
Opole,50.6562,17.9306,128140
Gorzów Wielkopolski,52.7305,15.2171,124295
Dąbrowa Górnicza,50.371,19.3213,121121
Elbląg,54.1988,19.4344,120895
Płock,52.5354,19.7149,120787
Wałbrzych,50.7851,16.2912,113621
Włocławek,52.6653,19.0608,111752
Tarnów,50.01756,20.98663,109650
Chorzów,50.2884,18.9628,109021
Koszalin,54.2071,16.2166,107670
Kalisz,51.7472,18.076,101625
Legnica,51.2047,16.1583,100324
Grudziądz,53.48233,18.75538,95629
Jaworzno,50.1891,19.3013,92090
Słupsk,54.4605,17.0278,91465
Jastrzębie-Zdrój,49.9606,18.6005,89590
Nowy Sącz,49.6102,20.7066,84041
Piaseczno,52.0734,21.017,82526
Jelenia Góra,50.90087,15.72693,80072
Siedlce,52.1617,22.2757,77653
Konin,52.2562,18.2621,74834
Mysłowice,50.20962,19.15388,74647
Piotrków Trybunalski,51.4129,19.7166,74312
Piła,53.1348,16.7601,73791
Inowrocław,52.7816,18.2499,73577
Lubin,51.3994,16.1939,72892
Ostrów Wielkopolski,51.6469,17.8039,72364
Ostrowiec Świętokrzyski,50.9502,21.4064,69852
Suwałki,54.10272,22.92914,69554
Gniezno,52.52492,17.60328,68943
Stargard,53.31714,15.01377,68195
Głogów,51.6699,16.0436,68179
Siemianowice Śląskie,50.31231,19.0232,67523
Pabianice,51.6657,19.3548,65823
Zamość,50.7213,23.2485,64354
Leszno,51.844,16.5759,64197
Chełm,51.1355,23.4897,63333
Tomaszów Mazowiecki,51.5206,20.02592,63238
Łomża,53.18267,22.05888,63092
Żory,50.0389,18.6892,62243
Stalowa Wola,50.56649,22.01749,61903
Przemyśl,49.78345,22.78424,61808
Kędzierzyn-Koźle,50.34533,18.24553,61661
Ełk,53.8239,22.3598,61523
Tarnowskie Góry,50.4655,18.842,61262
Pruszków,52.172,20.7986,61237
Mielec,50.2573,21.5647,60628
Tczew,54.0907,18.7816,60257
Wieliczka,49.9878,20.046,58400
Bełchatów,51.3545,19.3626,57964
Świdnica,50.8406,16.4925,57671
Nysa,50.4735,17.3369,57579
Biała Podlaska,52.02904,23.13831,57545
Będzin,50.3358,19.1239,57343
Zgierz,51.8555,19.394,56690
Piekary Śląskie,50.3805,18.92653,55652
Racibórz,50.0906,18.2217,55189
Legionowo,52.4048,20.9393,54041
Ostrołęka,53.0778,21.589,52451
Pszczyna,49.9859,18.9329,52345
Wołomin,52.3426,21.2362,51825
Świętochłowice,50.2979,18.9102,50385
Wejherowo,54.606,18.2337,49927
Zawiercie,50.5058,19.4704,49908
Swarzędz,52.4094,17.0665,49727
Starachowice,51.0383,21.0716,49513
Olkusz,50.2858,19.5617,49309
Rumia,54.5691,18.3847,48632
Wodzisław Śląski,50.0023,18.4399,48345
Skierniewice,51.95806,20.16912,48308
Puławy,51.4265,21.9772,48114
Starogard Gdański,53.96547,18.52645,48060
Tarnobrzeg,50.57364,21.6816,47387
Chrzanów,50.1292,19.3595,47365
Grodzisk Mazowiecki,52.1052,20.6332,46671
Krosno,49.6892,21.753,46600
Kołobrzeg,54.1754,15.5996,46568
Września,52.3258,17.5685,46439
Radomsko,51.0711,19.4427,46409
Dębica,50.04595,21.4158,46063
Skarżysko-Kamienna,51.1229,20.8752,45953
Jarocin,51.9615,17.5075,45571
Czechowice-Dziedzice,49.904,19.0004,45204
Otwock,52.116,21.2893,44873
Kutno,52.2222,19.371,44513
Ciechanów,52.871,20.6148,44303
Myślenice,49.83355,19.94362,44021
Andrychów,49.8538,19.3392,43834
Skawina,49.9733,19.825,43369
Sieradz,51.60172,18.7384,42570
Zduńska Wola,51.5952,18.9647,42374
Czerwionka-Leszczyny,50.15034,18.67847,42170
Śrem,52.0867,17.0187,41859
Police,53.5677,14.5792,41545
Świnoujście,53.8502,14.3131,41032
Krotoszyn,51.6951,17.4437,40593
Mikołów,50.19609,18.86189,40423
Mińsk Mazowiecki,52.1789,21.5566,40399
Szczecinek,53.7027,16.6946,40292
Żyrardów,52.0555,20.4405,40243
Chojnice,53.6999,17.5601,39937
Świdnik,51.21671,22.68494,39732
Wyszków,52.5922,21.4471,39395
Nowa Sól,51.8034,15.7118,39098
Bolesławiec,51.2621,15.5516,39084
Malbork,54.02846,19.04435,38723
Oświęcim,50.03365,19.25612,38678
Knurów,50.2072,18.6628,38594
Kwidzyn,53.7205,18.9453,38553
Sanok,49.55654,22.2157,37980
Wadowice,49.8842,19.4954,37933
Żary,51.6245,15.1455,37907
Jarosław,50.04,22.6704,37892
Żukowo,54.3446,18.3604,37326
Oleśnica,51.2105,17.386,37300
Sochaczew,52.2362,20.2445,36790
Sopot,54.44185,18.54782,36533
Brzesko,49.9745,20.6107,36309
Kluczbork,50.9745,18.2204,36116
Brzeg,50.8589,17.4628,36110
Goleniów,53.5606,14.8382,35976
Ząbki,52.2924,21.1125,35770
Końskie,51.1844,20.4054,35665
Jasło,49.747,21.4717,35445
Lębork,54.5355,17.7578,35413
Cieszyn,49.74922,18.63178,34876
Kraśnik,50.9434,22.2133,34821
Opoczno,51.3774,20.2746,34607
Kęty,49.8793,19.2097,34300
Świecie,53.4031,18.4187,34111
Trzebinia,50.1795,19.438,34105
Oborniki,52.6527,16.8053,34082
Kartuzy,54.33532,18.19726,33700
Dzierżoniów,50.72918,16.64731,33653
Nowy Targ,49.4892,20.0442,33361
Ostróda,53.7026,19.9529,33243
Iława,53.596,19.5594,33132
Oława,50.9574,17.2942,32883
Marki,52.337,21.1199,32686
Busko-Zdrój,50.4702,20.7165,32438
Mosina,52.247,16.8507,32350
Krzeszowice,50.144,19.6309,32296
Środa Wielkopolska,52.2299,17.2803,32160
Gryfino,53.256,14.4967,32116
Nakło nad Notecią,53.1423,17.6009,32053
Myszków,50.5646,19.3274,31974
Czeladź,50.31919,19.08231,31901
Wieluń,51.2253,18.569,31849
Luboń,52.3367,16.8729,31653
Żywiec,49.7063,19.2097,31560
Aleksandrów Łódzki,51.816,19.3038,31445
Mława,53.1341,20.3812,31243
Strzelce Opolskie,50.5297,18.3,30764
Zgorzelec,51.1517,15.0171,30738
Długołęka,51.188,17.2107,30706
Wolsztyn,52.1116,16.1137,30528
Pruszcz Gdański,54.25778,18.6453,30468
Łuków,51.9252,22.3855,30310
Rawicz,51.6169,16.8782,30287
Augustów,53.84501,23.00989,30270
Bielawa,50.6754,16.6028,30207
Świebodzin,52.2442,15.5311,30198
Pleszew,51.894,17.7864,30026
Bochnia,49.9747,20.4292,29992
Szamotuły,52.6092,16.5791,29931
Kozienice,51.586,21.5365,29787
Giżycko,54.0359,21.7693,29480
Pruszcz Gdański,54.26838,18.56816,29186
Brodnica,53.2579,19.4064,28717
gmina Miasto Łowicz,52.10614,19.94465,28704
Nowy Dwór Mazowiecki,52.4342,20.6917,28637
Jędrzejów,50.6395,20.2893,28324
Chełmiec,49.5948,20.7572,28216
Komorniki,52.3266,16.8203,28149
Gostyń,51.8827,17.0091,28059
Niepołomice,50.0344,20.2118,27914
Łask,51.6018,19.1582,27876
Pisz,53.6273,21.8096,27835
Gorlice,49.6663,21.1659,27781
Polkowice,51.5013,16.0682,27512
Kętrzyn,54.08232,21.37496,27478
Czerwonak,52.50306,17.04249,27450
Ropczyce,50.049,21.6127,27384
Prudnik,50.306,17.5687,27374
Turek,52.0161,18.5115,27311
Zakopane,49.27576,19.97186,27266
Kłodzko,50.4337,16.649,27193
Kórnik,52.2403,17.0917,26901
Skoczów,49.80238,18.79074,26897
Brzozów,49.6977,22.0194,26659
Nowy Tomyśl,52.3111,16.1331,26624
Góra Kalwaria,51.9819,21.1971,26579
Radzymin,52.426,21.1653,26574
Biłgoraj,50.539,22.7116,26550
Sulechów,52.086,15.6142,26498
Łomianki,52.3332,20.8939,26229
Zabierzów,50.1198,19.7676,26206
Tarnowo Podgórne,52.4492,16.6792,26178
Brwinów,52.1431,20.7163,26167
Żagań,51.6149,15.3156,26148
Strzegom,50.9599,16.3442,26102
Puck,54.7154,18.3194,26018
Lesznowola,52.07135,20.92259,25976
Namysłów,51.0768,17.6954,25936
Tarnów,50.0421,20.9212,25909
Staszów,50.562,21.1907,25897
Dębica,50.0549,21.4644,25766
Sokółka,53.4068,23.5026,25765
Dopiewo,52.3579,16.71,25692
Grójec,51.8681,20.8724,25654
Bielsk Podlaski,52.7641,23.1902,25611
Wągrowiec,52.8122,17.1978,25607
Wałcz,53.2726,16.4494,25533
Bytów,54.1797,17.5006,25406
Wejherowo,54.59505,18.164,25332
Limanowa,49.7285,20.442,25215
Grybów,49.60434,20.87539,25179
Międzyrzecz,52.4483,15.5914,25148
Reda,54.60856,18.34888,25102
Nowogard,53.6719,15.1186,24845
Kolbuszowa,50.236,21.7666,24829
Konstancin-Jeziorna,52.0838,21.1056,24776
Mogilno,52.6587,17.9541,24768
Szubin,53.0096,17.7423,24657
Pułtusk,52.7013,21.0832,24613
Morąg,53.9168,19.9275,24590
Kępno,51.2854,17.9867,24520
Białogard,54.014,15.9755,24368
Trzcianka,53.0426,16.4465,24360
Żnin,52.8446,17.73,24321
Milicz,51.5215,17.2699,24285
Koronowo,53.3219,17.9479,24222
Trzebnica,51.3069,17.0591,24179
Ożarów Mazowiecki,52.2135,20.7938,24060
Kąty Wrocławskie,51.0271,16.7615,24021
Ostrzeszów,51.4244,17.9323,23974
Głuchołazy,50.3137,17.3684,23962
Kościan,52.0834,16.6494,23907
Nowy Targ,49.48365,20.0719,23905
Gryfice,53.9171,15.2028,23905
Lubliniec,50.6432,18.7086,23899
Sandomierz,50.6795,21.747,23863
Jasienica,49.8311,18.9207,23850
Bartoszyce,54.2534,20.8103,23810
Kościerzyna,54.1207,17.9846,23809
Koluszki,51.7456,19.8167,23639
Stary Sącz,49.5618,20.6351,23627
Sędziszów Małopolski,50.0675,21.707,23572
Szczytno,53.5636,20.9943,23500
Bogatynia,50.9223,14.9386,23462
Łęczna,51.3025,22.8851,23462
Jelcz-Laskowice,51.0327,17.33,23269
Jawor,51.0676,16.185,23266
Kobyłka,52.34012,21.19878,23120
Wolbrom,50.3789,19.7719,22974
Zamość,50.7267,23.2094,22958
Krapkowice,50.4784,17.9574,22866
Świebodzice,50.8725,16.3385,22840
Piastów,52.1855,20.8463,22732
Ostrów Mazowiecka,52.8071,21.891,22656
Wołów,51.3383,16.635,22629
Głubczyce,50.2042,17.831,22527
Dobra (Szczecińska),53.4937,14.3927,22511
Libiąż,50.0949,19.3179,22490
Nowa Ruda,50.5735,16.51955,22455
Czarny Dunajec,49.44101,19.85521,22423
Nisko,50.5032,22.129,22412
Łaziska Górne,50.1434,18.8528,22390
Koło,52.19838,18.63546,22227
Zielonki,50.1422,19.9442,22222
Płońsk,52.62647,20.36301,22214
Strzelin,50.7777,17.0767,22178
Zambrów,52.976,22.2472,22173
Lubartów,51.45841,22.60587,22138
Olecko,54.0361,22.4981,22130
Łapy,52.9937,22.8771,22072
Ząbkowice Śląskie,50.5873,16.8228,22058
Grajewo,53.6401,22.4509,22049
Mrągowo,53.8685,21.29887,21889
Choszczno,53.1687,15.4269,21824
Łańcut,50.03209,22.2533,21770
Rydułtowy,50.05915,18.41751,21700
Nowa Sarzyna,50.3254,22.3214,21629
Raszyn,52.12953,20.91346,21612
Czersk,53.7899,17.9773,21612
Trzebownisko,50.124,22.0774,21538
Błonie,52.1954,20.6228,21530
Wschowa,51.8074,16.3214,21428
Brzeszcze,49.98352,19.14745,21398
Działdowo,53.2401,20.1808,21370
Lubań,51.1147,15.2808,21318
Białe Błota,53.0865,17.9027,21268
Dąbrowa Tarnowska,50.1698,20.9949,21231
Nidzica,53.363,20.4229,21180
Gorzyce,49.95972,18.39961,21100
Siechnice,51.0325,17.157,21037
Pińczów,50.5149,20.531,20938
Szprotawa,51.5609,15.5217,20925
Hajnówka,52.73204,23.57631,20919
Dębno,52.7414,14.6952,20828
Orzesze,50.1083,18.7944,20773
Strzyżów,49.8712,21.7888,20754
Ryki,51.6259,21.9263,20510
Kłobuck,50.9068,18.9402,20498
Józefów,52.1285,21.22,20488
Kobierzyce,50.9607,16.9368,20437
Boguchwała,49.9836,21.9365,20423
Tuchola,53.58695,17.86162,20387
Gołdap,54.3131,22.2983,20290
Leżajsk,50.2282,22.4207,20269
Góra,51.6702,16.5505,20177
Oborniki Śląskie,51.2961,16.9093,20105
Myślibórz,52.9441,14.8676,20096
Słubice,52.359,14.5899,20077
Kalwaria Zebrzydowska,49.8671,19.6663,20052
Tłuszcz,52.4315,21.4322,19990
Nasielsk,52.5937,20.8117,19949
Grodzisk Wielkopolski,52.2261,16.366,19928
Chełmno,53.34917,18.42605,19911
Głogów Małopolski,50.156,21.9587,19857
Środa Śląska,51.1703,16.5971,19798
Gmina Miechów,50.35685,20.0322,19780
Bochnia,49.99268,20.41659,19744
Miastko,54.0042,16.9713,19734
Lubicz,53.03151,18.75383,19702
Ozorków,51.9586,19.2967,19685
Sulejówek,52.24447,21.28162,19663
Bieruń,50.08438,19.14328,19639
Ozimek,50.6734,18.2131,19629
Sierakowice,54.34715,17.89433,19593
Pyrzyce,53.1418,14.893,19564
Włoszczowa,50.8573,19.9866,19547
Kruszwica,52.6707,18.3279,19511
Pasłęk,54.0611,19.6668,19502
Barlinek,52.9974,15.2089,19449
Pobiedziska,52.4802,17.2639,19411
Grodków,50.694,17.38,19376
Tomaszów Lubelski,50.4478,23.4264,19365
Kamienna Góra,50.7846,16.0336,19348
Warka,51.7847,21.1763,19269
Niemce,51.3455,22.5596,19254
Ostrów Wielkopolski,51.69388,17.85253,19113
Wronki,52.7089,16.3764,19108
Bystrzyca Kłodzka,50.2953,16.6499,19077
Biskupiec,53.862,20.9522,19036
Żabno,50.1382,20.8767,18992
Chojnice,53.7462,17.59418,18931
Sokołów Podlaski,52.4142,22.234,18924
Jabłonna,52.39362,20.8707,18916
Krasnystaw,50.98496,23.1724,18912
Chodzież,52.9949,16.9157,18877
Szydłowiec,51.2239,20.838,18866
Lubsko,51.779,14.9553,18771
Gostynin,52.42424,19.46258,18720
Stare Babice,52.26748,20.79261,18627
Pionki,51.4717,21.4474,18618
Sztum,53.922,19.0358,18578
Jabłonka,49.50505,19.67219,18570
Międzychód,52.6007,15.8873,18501
Złotów,53.3592,17.045,18441
Pyskowice,50.3915,18.6007,18417
Oświęcim,50.01438,19.24364,18325
Rogoźno,52.7443,17.0031,18265
Nowa Dęba,50.4198,21.754,18190
Pilzno,49.9745,21.2834,18176
Sierpc,52.85323,19.66521,18148
Pawłowice,49.9466,18.6905,18143
Kostrzyn,52.3979,17.223,18095
Siedlce,52.17155,22.37429,18054
Tuchów,49.894,21.0594,18038
Łuków,51.94094,22.27023,18028
Gdów,49.926,20.2121,18024
Konstantynów Łódzki,51.75718,19.31012,18013
Krosno Odrzańskie,52.05634,15.06852,17980
Łochów,52.53137,21.68427,17922
Barczewo,53.8351,20.6908,17920
Kostrzyn nad Odrą,52.61628,14.64042,17918
Sanok,49.57922,22.14572,17913
Hrubieszów,50.8067,23.8904,17903
Nowy Dwór Gdański,54.2119,19.1202,17883
Radlin,50.04118,18.46601,17861
Michałowice,52.1504,20.8398,17826
Wręczyca Wielka,50.8352,18.8988,17786
Olesno,50.876,18.4132,17778
Łańcut,50.0697,22.22457,17777
Śmigiel,52.0101,16.5156,17750
Słupsk,54.48984,16.88441,17724
Mszana Dolna,49.6526,20.117,17574
Zielonka,52.29136,21.29083,17539
Rawa Mazowiecka,51.7582,20.255,17480
Szemud,54.4718,18.2564,17452
Opole Lubelskie,51.1485,21.9696,17413
Ustrzyki Dolne,49.4302,22.5782,17396
Garwolin,51.8959,21.6231,17381
Drezdenko,52.8445,15.8413,17381
Lwówek Śląski,51.11112,15.5866,17346
Wilamowice,49.9195,19.1592,17313
Kłodzko,50.44704,16.57471,17285
Ziębice,50.5924,17.0351,17242
Rabka-Zdrój,49.619,19.9727,17227
Przasnysz,53.0184,20.885,17223
Strzelce Krajeńskie,52.8758,15.5317,17213
Stąporków,51.1442,20.5685,17185
Gorlice,49.65781,21.09739,17183
Sokołów Małopolski,50.2367,22.1196,17144
Świdnica,50.80827,16.46893,17131
Liszki,50.0361,19.7451,17110
Suchy Las,52.5324,16.8752,17100
Braniewo,54.3794,19.8205,17074
Międzyrzec Podlaski,51.98102,22.77689,16925
Biecz,49.7322,21.259,16916
Rokietnica,52.51298,16.74385,16905
Węgorzewo,54.208,21.7489,16878
Solec Kujawski,53.0746,18.2426,16845
Syców,51.3032,17.7294,16834
Kolbudy,54.2749,18.4887,16826
Murowana Goślina,52.5697,17.0098,16820
Lędziny,50.1298,19.1235,16819
Radzionków,50.4016,18.901,16798
Krynica-Zdrój,49.4157,20.9339,16780
Gubin,51.9572,14.749,16740
Obrowo,52.9772,18.8355,16559
Rypin,53.06621,19.40885,16482
Łącko,49.5429,20.4619,16460
Piekoszów,50.874,20.4221,16449
Opalenica,52.3133,16.4135,16423
Pelplin,53.9258,18.7018,16410
Milanówek,52.1248,20.6703,16398
Dęblin,51.5673,21.8743,16398
Wasilków,53.2129,23.1959,16370
Miedźna,49.98252,19.04883,16347
Jasło,49.72222,21.4344,16331
Proszowice,50.1887,20.2928,16324
Starogard Gdański,53.9931,18.5344,16308
Trzebiatów,54.0557,15.2825,16303
Sulejów,51.3542,19.8786,16291
Morawica,50.7453,20.6122,16290
Kazimierza Wielka,50.2692,20.4861,16290
Drawsko Pomorskie,53.5336,15.8068,16252
Maków Podhalański,49.7398,19.6607,16245
Ustroń,49.7186,18.8313,16108
Brzeg Dolny,51.2684,16.7196,16086
Kożuchów,51.7468,15.5973,16085
Kościan,52.07864,16.69393,16059
Juchnowiec Kościelny,53.0024,23.155,16058
Janów Lubelski,50.7006,22.4136,16057
Świlcza,50.0881,21.8762,16040
Ostróda,53.6391,19.9436,16031
Zbrosławice,50.4077,18.713,16001
Łazy,50.4252,19.392,15992
Gmina Dobre Miasto,53.98688,20.39131,15978
Luzino,54.56124,18.09712,15964
Sępólno Krajeńskie,53.4525,17.5286,15936
Halinów,52.2252,21.3568,15926
Karczew,52.0657,21.2774,15916
Sulęcin,52.4475,15.1202,15912
Kościerzyna,54.0981,17.9668,15895
Rymanów,49.5757,21.8728,15891
Zdzieszowice,50.4213,18.1148,15889
Lidzbark Warmiński,54.13078,20.56734,15877
Radzyń Podlaski,51.77683,22.62637,15808
Złotoryja,51.1223,15.9185,15783
Daleszyce,50.8033,20.8016,15775
Świdwin,53.7742,15.7973,15725
Ustka,54.57318,16.86018,15709
Poddębice,51.8948,18.9645,15663
Gniew,53.841,18.8114,15651
Lubin,51.36404,16.19415,15605
Boguszów-Gorce,50.7551,16.2051,15566
Porąbka,49.8236,19.246,15544
Miękinia,51.1771,16.7906,15524
Jedlicze,49.717,21.647,15497
Władysławowo,54.79401,18.36175,15482
Przeworsk,50.05452,22.50116,15452
Nowe Skalmierzyce,51.7088,17.9962,15430
Połczyn-Zdrój,53.7615,16.0927,15417
Nowogrodziec,51.1991,15.3939,15290
Złocieniec,53.5251,16.0151,15289
Pawłów,50.9571,21.089,15272
Zwoleń,51.3568,21.5864,15271
Kocmyrzów-Luborzyca,50.1383,20.1158,15260
Mińsk Mazowiecki,52.17585,21.64003,15258
Dobczyce,49.8795,20.0861,15227
Lisia Góra,50.097,21.0691,15226
Węgierska Górka,49.5777,19.1558,15164
Klucze,50.36544,19.57051,15158
Oława,50.92431,17.23479,15138
Limanowa,49.7149,20.4107,15103
Chęciny,50.8111,20.4671,15053
Mykanów,50.9327,19.1806,15034
Zelów,51.4726,19.2249,15022
Mońki,53.4042,22.8052,15015
Stęszew,52.2827,16.705,15013
Supraśl,53.2117,23.3465,15009
Choroszcz,53.1365,22.9874,14967
Przeworsk,50.05967,22.42215,14892
Iłża,51.1644,21.2441,14860
Barcin,52.864,17.9398,14858
Sułkowice,49.84,19.7934,14826
Skarszewy,54.0655,18.4455,14808
Czernica,51.0661,17.2623,14743
Żmigród,51.4711,16.9074,14729
Raba Wyżna,49.5745,19.86352,14695
Dębno,49.96784,20.71918,14677
Dukla,49.5575,21.6754,14665
Błaszki,51.6523,18.4415,14658
Chełm,51.15122,23.38033,14646
Chełmża,53.1923,18.6088,14645
Skaryszew,51.3017,21.2523,14634
Parczew,51.6347,22.893,14613
Odolanów,51.5781,17.6699,14605
Lipno,52.8425,19.17533,14592
Siemiatycze,52.4205,22.8751,14590
Gniewkowo,52.8999,18.4209,14569
Czernichów,50.0201,19.6604,14535
Żuromin,53.0615,19.913,14511
Brusy,53.886,17.723,14494
Serock,52.517,21.0515,14485
Poniatowa,51.183,22.0578,14430
Jedlińsk,51.5131,21.11008,14423
Głowno,51.962,19.714,14422
Tczew,54.0853,18.6897,14411
Korzenna,49.6977,20.8376,14397
Bolesławiec,51.3215,15.5488,14391
Nieporęt,52.40775,21.03991,14369
Koziegłowy,50.6158,19.1675,14369
Kamień Pomorski,53.9695,14.7829,14354
Trzemeszno,52.5604,17.8136,14349
Wieruszów,51.2963,18.1531,14304
Lidzbark,53.26,19.8238,14299
Górno,50.8609,20.804,14292
Łodygowice,49.73108,19.14076,14269
Łęczyca,52.0543,19.199,14252
Radomyśl Wielki,50.1963,21.2757,14225
Skrzyszów,49.99395,21.06234,14187
Biała Podlaska,52.02947,23.00191,14169
Łobez,53.6359,15.6133,14134
Pszów,50.04513,18.39108,14114
Przemęt,52.0065,16.2866,14081
Wyrzysk,53.1516,17.2691,14031
Kosakowo,54.58957,18.48295,14029
Ślesin,52.383,18.3099,13992
Leżajsk,50.2655,22.4186,13990
Zgierz,51.9356,19.3862,13972
Żyraków,50.10828,21.38909,13961
Darłowo,54.4285,16.4106,13924
Olsztynek,53.5871,20.2816,13884
Nowy Wiśnicz,49.915,20.451,13880
Zławieś Wielka,53.0993,18.3353,13872
Jastków,51.2948,22.4085,13871
Człuchów,53.6647,17.368,13869
Słupca,52.2907,17.8686,13851
Chojna,52.9562,14.4269,13846
Sianów,54.2242,16.3192,13843
Mogilany,49.9402,19.8873,13819
Osielsko,53.2163,18.0552,13762
Wąbrzeźno,53.27836,18.95239,13749
Zbąszyń,52.2514,15.9118,13748
Wołczyn,51.0236,18.0567,13748
Słomniki,50.2399,20.0768,13677
Miejsce Piastowe,49.6316,21.78591,13675
Konopnica,51.2162,22.4277,13674
Witkowo,52.4372,17.7752,13666
gmina Andrespol,51.72533,19.63566,13661
Godów,49.92343,18.47849,13653
Otmuchów,50.4654,17.1236,13634
Praszka,51.0483,18.4529,13630
Nowa Wieś Lęborska,54.5734,17.6926,13617
Kłomnice,50.92165,19.35697,13602
Wieliszew,52.4499,20.8818,13573
Chojnów,51.2722,15.9355,13573
Bodzechów,50.94721,21.33223,13518
Wojnicz,49.9573,20.8234,13472
Kcynia,52.9909,17.4871,13471
Chorkówka,49.6343,21.6521,13469
Więcbork,53.3542,17.4925,13395
Koźmin Wielkopolski,51.829,17.4529,13361
Bełżyce,51.1662,22.2653,13356
Jeleśnia,49.61302,19.34765,13353
Głogówek,50.3458,17.86,13351
Włodawa,51.5412,23.5336,13350
Nadarzyn,52.0642,20.7966,13348
Mielec,50.29114,21.51317,13317
Niemodlin,50.6386,17.6193,13305
Wilkowice,49.7653,19.0737,13303
Oleśnica,51.20981,17.45159,13299
Biłgoraj,50.5543,22.6728,13294
Gorzyce,50.66829,21.83842,13292
Bukowina Tatrzańska,49.3199,20.09877,13290
Zebrzydowice,49.87838,18.61187,13284
Janikowo,52.7567,18.1116,13270
Jarosław,50.01381,22.75595,13192
Szczucin,50.3099,21.07573,13167
Prabuty,53.7495,19.2145,13165
Strumień,49.9185,18.7542,13164
Rakoniewice,52.1409,16.2719,13150
Stargard,53.35564,15.0845,13148
Garwolin,51.8909,21.5547,13144
Goleszów,49.73535,18.7365,13122
Zagórz,49.5077,22.2651,13099
Brzostek,49.8798,21.4083,13091
Twardogóra,51.3668,17.4576,13081
Krobia,51.7721,16.9904,13079
Lewin Brzeski,50.7545,17.6303,13064
Podegrodzie,49.5972,20.5645,13057
Blachownia,50.7968,18.9467,13056
Radziechowy-Wieprz,49.63356,19.16719,13049
Czarna,50.06827,21.25631,13023
Zagnańsk,50.9997,20.6508,13023
Chełmek,50.1113,19.2503,13010
Kłodawa,52.2487,18.9151,13005
Żurawica,49.8479,22.7582,12964
Witnica,52.6782,14.8885,12957
Kozy,49.82923,19.14023,12926
Ostrów Mazowiecka,52.8067,21.98269,12919
Szczytno,53.5464,21.033,12887
Zakrzew,51.4477,21.02146,12875
Susz,53.7121,19.3448,12872
Chocianów,51.4175,15.906,12866
Moszczenica,51.50357,19.67349,12857
Iława,53.6374,19.5804,12849
Sobótka,50.8764,16.7247,12835
Golub-Dobrzyń,53.11223,19.05414,12828
Warta,51.7098,18.609,12784
Paczków,50.4661,17.0038,12770
Węgrów,52.4008,22.0296,12765
Sława,51.8938,16.0243,12729
Poczesna,50.71483,19.1326,12705
Wałcz,53.29371,16.59352,12695
Wiązowna,52.1654,21.3616,12693
Siedlec,52.1559,15.9707,12680
Działoszyn,51.1176,18.8703,12665
Jedlnia-Letnisko,51.42015,21.31875,12654
Alwernia,50.0563,19.535,12641
Kołbaskowo,53.3512,14.4821,12633
Grudziądz,53.5576,18.8242,12621
Sędziszów,50.5663,20.06,12599
Sławno,54.36126,16.67828,12590
Stryków,51.9023,19.6156,12565
Pniewy,52.5108,16.2644,12562
Gogolin,50.4888,18.0223,12544
Brzeziny,51.80066,19.74944,12534
Skołyszyn,49.74977,21.33476,12531
Żarów,50.9428,16.4932,12506
Wieleń,52.8962,16.1749,12499
Buk,52.3527,16.5216,12495
Kańczuga,49.9772,22.3956,12422
Siewierz,50.4647,19.216,12390
Zakliczyn,49.8529,20.8055,12377
Żary,51.6647,15.1099,12374
Świerklany,50.02026,18.58046,12347
Tuszyn,51.6054,19.5346,12332
Rozprza,51.30477,19.68258,12306
Wieprz,49.9127,19.3753,12288
Aleksandrów Kujawski,52.8763,18.7004,12270
Wągrowiec,52.8291,17.1928,12249
Wolin,53.8318,14.5979,12220
Skwierzyna,52.5912,15.5058,12201
Kobylnica,54.3748,16.9649,12186
Orneta,54.1158,20.1266,12178
Suszec,50.02966,18.79184,12157
Stare Miasto,52.15796,18.22426,12154
Zduńska Wola,51.6509,18.8068,12154
Gostynin,52.4293,19.35043,12121
Istebna,49.56302,18.90601,12111
Jaktorów,52.07923,20.51137,12105
Lubaczów,50.1573,23.12025,12101
Przygodzice,51.5517,17.8287,12096
Kowala,51.32426,21.09592,12093
Żychlin,52.246,19.6236,12084
Świerklaniec,50.44226,18.93657,12069
Psary,50.3865,19.1219,12046
Łęczyce,54.588,17.9329,12035
Golina,52.2461,18.0952,12033
Przysucha,51.3524,20.6264,12027
Wólka,51.28072,22.68435,12024
Gierałtowice,50.2253,18.7304,12009
Puławy,51.4592,21.8968,11996
Baranów Sandomierski,50.4937,21.5371,11980
Czaplinek,53.5579,16.23264,11968
Wielka Wieś,50.15488,19.82725,11956
Pleśna,49.91529,20.90608,11946
Wola Krzysztoporska,51.34862,19.56675,11921
Bobrowniki,50.37996,18.98506,11921
Tyczyn,49.9628,22.0257,11916
Lipno,52.8132,19.135,11914
Połaniec,50.43313,21.28344,11901
Przecław,50.1884,21.4483,11898
Kuźnia Raciborska,50.2136,18.3266,11894
Raszków,51.7226,17.722,11893
Koszęcin,50.63117,18.84172,11878
Opatów,50.8061,21.4234,11869
Stryszawa,49.72822,19.47177,11843
Czudec,49.9341,21.8034,11843
Pilchowice,50.2185,18.5644,11838
Niedrzwica Duża,51.1112,22.3926,11829
Biała Piska,53.6114,22.0648,11827
Stara Biała,52.60586,19.64896,11809
Aleksandrów Kujawski,52.8656,18.6652,11799
Bychawa,51.0172,22.5348,11761
Nowa Ruda,50.59028,16.56579,11755
Małkinia Górna,52.69366,22.0269,11740
Inowrocław,52.79456,18.33964,11740
Strzelno,52.62931,18.17225,11724
Czarna,50.1131,22.1718,11715
Wiązownica,50.1174,22.7975,11705
Pajęczno,51.1357,18.9979,11696
Ryglice,49.8775,21.1416,11684
Bestwina,49.90061,19.0575,11683
Celestynów,52.04089,21.39759,11662
Dąbrowa Białostocka,53.6482,23.3289,11659
Bodzentyn,50.9456,20.9587,11632
Lubartów,51.4691,22.6421,11627
Małogoszcz,50.8134,20.2647,11626
Zblewo,53.93416,18.32674,11618
Gniezno,52.5687,17.6302,11614
Mszczonów,51.9771,20.5321,11603
Muszyna,49.35454,20.89565,11599
Jastrowie,53.4076,16.7887,11592
Poronin,49.29563,20.07285,11581
Brześć Kujawski,52.6045,18.9008,11541
Gmina Dywity,53.83333,20.47517,11533
Dobrcz,53.2703,18.1633,11515
Ełk,53.82908,22.24587,11495
Czarna Białostocka,53.3023,23.2678,11490
Kowalewo Pomorskie,53.1572,18.8875,11487
Czempiń,52.1398,16.7625,11476
Kazimierz Biskupi,52.306,18.1371,11467
Zawadzkie,50.6079,18.4483,11464
Teresin,52.18782,20.39586,11453
Radymno,49.95228,22.93502,11448
Kadzidło,53.2499,21.4663,11442
Lesko,49.4684,22.3257,11439
Biała Rawska,51.7984,20.4738,11427
Czarnków,52.938,16.5541,11422
Tarczyn,51.9849,20.832,11415
Szczebrzeszyn,50.7017,22.9508,11395
Miedziana Góra,50.9509,20.5583,11381
Kwidzyn,53.7693,18.9799,11374
Tomaszów Lubelski,50.44799,23.49226,11373
Krzyżanowice,49.98147,18.26623,11362
Chmielnik,50.6115,20.7486,11362
Bełchatów,51.33707,19.4356,11283
Puck,54.7142,18.4051,11265
Ciężkowice,49.7865,20.9887,11257
Buczkowice,49.7247,19.0871,11250
Rzezawa,50.0179,20.5456,11239
Brenna,49.7253,18.903,11230
Lipsko,51.163,21.6485,11213
Korczyna,49.73039,21.82602,11179
Kramsk,52.2652,18.4072,11135
Krasne,50.05196,22.08913,11123
Jordanów,49.68023,19.81413,11107
Wisła,49.6358,18.9109,11106
Kowary,50.7786,15.8427,11090
Tomaszów Mazowiecki,51.49737,20.01198,11068
Lubawka,50.6985,16.0064,11052
Gąbin,52.4012,19.7308,11045
Trąbki Wielkie,54.1625,18.4982,11043
Kietrz,50.0808,18.0126,11043
Człuchów,53.6782,17.3222,11038
Szaflary,49.41759,19.99328,11000
Pcim,49.7693,19.9258,10999
Nowe Miasto Lubawskie,53.42263,19.5924,10997
Pilawa,51.9612,21.5323,10981
Pysznica,50.5988,22.1544,10964
Brody,51.0317,21.2421,10950
Iwonicz-Zdrój,49.563,21.7851,10945
Łososina Dolna,49.75066,20.63301,10944
Łomża,53.1452,22.1127,10938
Poraj,50.67677,19.21526,10925
Jerzmanowice-Przeginia,50.21322,19.74878,10917
Bartoszyce,54.24382,20.67675,10884
Łosice,52.1959,22.7198,10884
Opatówek,51.7447,18.225,10856
Ożarów,50.8863,21.6667,10856
Zaleszany,50.64365,21.95072,10852
Błażowa,49.8865,22.1019,10852
Masłów,50.9065,20.7183,10819
Głusk,51.1419,22.4824,10813
Wierzchosławice,50.02223,20.83554,10808
Prażmów,51.96303,21.01083,10804
Hażlach,49.8104,18.6452,10802
Kołobrzeg,54.1291,15.514,10795
Mstów,50.82979,19.28452,10785
Czarnków,52.90121,16.55179,10784
Konopiska,50.72602,19.00875,10775
Krokowa,54.76275,18.10419,10760
Lubawa,53.525,19.776,10759
Sochaczew,52.24231,20.21738,10757
Lipowa,49.67618,19.09295,10719
Piątnica,53.2158,22.1503,10689
Piwniczna-Zdrój,49.4325,20.6721,10676
Kłaj,50.01339,20.29847,10674
Strawczyn,50.9427,20.4194,10674
Rudziniec,50.3729,18.4806,10655
Tuliszków,52.0741,18.2753,10654
Krasocin,50.89004,20.11906,10650
Biała,50.3839,17.6703,10647
Olszewo-Borki,53.0646,21.3947,10625
Gołuchów,51.834,17.9349,10618
Bolków,50.9206,16.1005,10611
Izabelin,52.3151,20.78223,10592
Ciechocinek,52.8843,18.7949,10586
Żórawina,50.9674,17.0494,10583
Piaski,51.1279,22.8373,10580
Przemyśl,49.73366,22.77896,10571
Rzekuń,53.05309,21.6306,10569
Drzewica,51.4464,20.4712,10559
Sieradz,51.58486,18.8248,10558
Somonino,54.2452,18.2155,10527
Międzyrzec Podlaski,52.0181,22.7731,10526
Krzywda,51.7835,22.1249,10520
Skała,50.2276,19.8534,10520
Niebylec,49.8498,21.93105,10504
Myszyniec,53.38092,21.34875,10471
Frysztak,49.8409,21.5689,10467
Sompolno,52.3939,18.5002,10414
Michałowice,50.1525,19.9918,10380
Żerków,52.068,17.56,10378
Strzałkowo,52.3175,17.7915,10372
Kolno,53.4018,21.9361,10372
Nowe,53.6484,18.7259,10371
Stężyca,54.2361,17.9902,10360
Jaworzyna Śląska,50.9122,16.4358,10344
Kamionka Wielka,49.58105,20.83124,10329
Białobrzegi,51.6476,20.9397,10322
Miłosław,52.2083,17.4858,10316
Spytkowice,49.9856,19.52497,10304
Suchedniów,51.0516,20.8317,10303
Bukowno,50.2617,19.4171,10297
Brzeźnica,49.9648,19.62124,10285
Lubawa,53.50501,19.75231,10269
Bieliny,50.832,20.9535,10268
Dębe Wielkie,52.20539,21.4546,10227
Mysłakowice,50.84205,15.78152,10218
Chorzele,53.2603,20.9148,10207
Wisznia Mała,51.2254,17.0302,10198
Biskupice,49.96409,20.12137,10185
Rzgów,51.659,19.4943,10183
Leśna,51.02315,15.26452,10162
Jeżowe,50.3596,22.1206,10159
Rudnik nad Sanem,50.4302,22.236,10150
Hrubieszów,50.8151,23.9275,10107
Leszno,52.27967,20.60093,10091
Zbuczyn,52.0942,22.504,10087
Ścinawa,51.4101,16.4251,10081
Krzywiń,51.9637,16.8244,10061
Łabiszyn,52.952,17.9153,10058
Bierutów,51.1291,17.5458,10058
Czerwieńsk,52.0182,15.4036,10055
Sicienko,53.2175,17.8136,10054
Milówka,49.55846,19.09106,10051
Pionki,51.4719,21.4093,10046
Nowa Wieś Wielka,52.97335,18.09053,10030
Lubień,49.6754,19.9553,10027
Kudowa-Zdrój,50.4457,16.2689,10018
Fabianki,52.7676,19.0605,10002
Łukowica,49.6255,20.4634,9995
Kleczew,52.3667,18.1734,9991
Dobrodzień,50.7168,18.4355,9983
Rędziny,50.87883,19.24693,9977
Dobra,49.6969,20.2093,9967
Świątniki Górne,49.9323,19.9546,9957
Borne Sulinowo,53.5734,16.5303,9935
Grębów,50.5494,21.8508,9926
Czosnów,52.37148,20.7125,9918
Kunów,50.9585,21.2822,9913
Blizanów,51.8883,18.0143,9905
Turawa,50.7593,18.1113,9905
Korsze,54.1718,21.1424,9905
Złotów,53.374,17.0663,9899
Działdowo,53.2883,20.1519,9899
Łysomice,53.0997,18.635,9882
Wiskitki,52.0778,20.3487,9870
Chynów,51.887,21.08045,9863
Maków Mazowiecki,52.86176,21.09311,9860
Majdan Królewski,50.39211,21.77417,9858
Klembów,52.4064,21.33219,9837
Czchów,49.8274,20.661,9826
Chełmża,53.1917,18.6379,9820
Stegna,54.32774,19.11312,9817
Pakość,52.8054,18.0858,9811
Rzepin,52.3437,14.8363,9809
Pruchnik,49.8976,22.4898,9801
Wierzbica,51.2507,21.1002,9799
Gryfów Śląski,51.0262,15.4195,9779
Stanin,51.8913,22.1888,9772
Łubniany,50.7839,18.0193,9769
Radłów,50.0836,20.8417,9769
Bobowa,49.7119,20.956,9744
Chybie,49.90293,18.82765,9741
Dębnica Kaszubska,54.3388,17.2723,9736
Turek,52.00853,18.43651,9712
Puszczykowo,52.27761,16.85192,9693
Sieroszewice,51.6033,18.0474,9680
Deszczno,52.6596,15.2896,9659
Woźniki,50.5683,19.0374,9655
Gaszowice,50.10874,18.42862,9652
Mełgiew,51.2269,22.7763,9640
Lyski,50.1146,18.3755,9636
Tarnów Opolski,50.58447,18.05606,9612
Koniecpol,50.7711,19.6924,9605
Lubraniec,52.5379,18.8301,9598
Szczurowa,50.121,20.6322,9594
Łobżenica,53.2665,17.253,9594
Pruszcz,53.3243,18.1829,9583
Skoki,52.6647,17.1663,9580
Chojnów,51.2938,15.9078,9565
Pieszyce,50.7036,16.5538,9550
Lelis,53.1738,21.542,9549
Nowa Słupia,50.8642,21.0727,9516
Werbkowice,50.7203,23.7406,9509
Włoszakowice,51.9245,16.3871,9506
Nowogród Bobrzański,51.8021,15.2322,9454
Godziesze Wielkie,51.64551,18.17551,9441
Żelazków,51.8363,18.1545,9439
Toszek,50.4599,18.5248,9426
Pszczółki,54.17977,18.67947,9425
Byczyna,51.1124,18.2147,9424
Biskupiec,53.4772,19.3433,9419
Dobrzeń Wielki,50.7695,17.858,9410
Nieborów,52.0782,20.0531,9390
Wysokie Mazowieckie,52.9249,22.5135,9390
Mniów,51.0122,20.4623,9364
Prusice,51.3805,16.9723,9363
Zarszyn,49.5625,22.0104,9356
Miejska Górka,51.6535,16.9567,9344
Łapsze Niżne,49.39891,20.24205,9340
Piotrków Kujawski,52.55148,18.49922,9334
Dzierzgoń,53.9323,19.3351,9329
Wojaszówka,49.78143,21.7026,9325
Szczecinek,53.74569,16.69132,9308
Zator,49.9859,19.431,9301
Mrocza,53.24324,17.60452,9296
Sucha Beskidzka,49.73242,19.57778,9295
Kępice,54.2352,16.8861,9294
Dubiecko,49.8116,22.3826,9277
Słupca,52.30006,17.92572,9239
Zabłudów,53.0126,23.3419,9239
Gródek nad Dunajcem,49.7504,20.7372,9235
Rydzyna,51.7903,16.6641,9229
Złotniki Kujawskie,52.90269,18.14238,9217
Krzepice,50.9608,18.7257,9212
Przodkowo,54.39328,18.26718,9197
Lubaczów,50.137,23.1941,9195
Czarne,53.68441,16.93972,9193
Milejów,51.2263,22.9571,9190
Dzierżoniów,50.72299,16.70961,9185
Ogrodzieniec,50.44854,19.5185,9182
Karlino,54.0399,15.869,9182
Pieńsk,51.2504,15.0561,9179
Lwówek,52.4469,16.1817,9165
Haczów,49.66279,21.93009,9161
Nowy Żmigród,49.60069,21.52793,9149
Główczyce,54.6235,17.3748,9148
Kurzętnik,53.3964,19.5276,9145
Debrzno,53.5433,17.2454,9144
Dobrzyniewo Duże,53.2314,23.0039,9141
Osieczna,51.9039,16.6861,9133
Tarnowiec,49.69646,21.56176,9124
Babice,50.06805,19.45001,9124
Bobolice,53.9582,16.5866,9124
Janowiec Wielkopolski,52.758,17.488,9113
Pomiechówek,52.49244,20.7646,9106
Zawoja,49.668,19.58216,9106
Bielsk,52.66164,19.80904,9099
Iwanowice,50.22706,19.9637,9098
Nowe Miasto nad Wartą,52.0676,17.3969,9098
Radków,50.5015,16.3903,9089
Orzysz,53.804,21.9569,9071
Prószków,50.5722,17.875,9066
Komprachcice,50.6265,17.8063,9064
Łopuszno,50.9324,20.2284,9062
Zagórów,52.165,17.8913,9056
Garbów,51.3723,22.3439,9053
Imielin,50.1439,19.1997,9052
Czernikowo,52.9182,18.9625,9049
Kamienna Góra,50.75423,16.01938,9046
Trawniki,51.1427,22.9841,9015
Koniusza,50.1781,20.2143,9006
Stawiguda,53.6547,20.4336,9005
Jabłonowo Pomorskie,53.3918,19.1603,9005
Radoszyce,51.0636,20.2703,9002
Wojkowice,50.36593,19.03152,8984
Szydłowo,53.20264,16.60608,8983
Korfantów,50.4847,17.5985,8978
Zambrów,52.99381,22.19316,8969
Kołaczyce,49.8107,21.4344,8964
Płoty,53.8054,15.2654,8963
Nałęczów,51.2812,22.2121,8955
Lubsza,50.9237,17.5604,8944
Duszniki,52.4462,16.449,8933
Budzów,49.78528,19.71088,8929
Sławno,54.33852,16.70148,8920
Gromnik,49.84524,20.94578,8893
Rajcza,49.4659,19.0572,8891
Końskowola,51.4063,22.0822,8882
Orły,49.87986,22.80404,8879
Dwikozy,50.73613,21.78958,8859
Siepraw,49.9014,19.9896,8852
Wolanów,51.3825,20.9526,8848
Dębowiec,49.63866,21.42497,8822
Sośnicowice,50.2729,18.5351,8821
Polanów,54.1199,16.6757,8818
Mogielnica,51.692,20.7032,8802
Gózd,51.3666,21.3399,8796
Bojanowo,51.7028,16.7579,8785
Maszewo,53.4947,15.0616,8777
Sieraków,52.6499,16.0724,8767
Kutno,52.21456,19.32948,8760
Krzyż Wielkopolski,52.8807,16.0104,8754
Rawa Mazowiecka,51.7758,20.2302,8750
Kościelisko,49.2733,19.8463,8747
Annopol,50.8921,21.8675,8735
Tokarnia,49.7389,19.8662,8730
Ciechanowiec,52.6763,22.5072,8719
Pilica,50.46832,19.65806,8711
Głuszyca,50.6886,16.3892,8708
Mrozy,52.1203,21.8711,8695
Urzędów,51.011,22.1383,8693
Golub-Dobrzyń,53.1347,19.101,8692
Mirsk,50.9664,15.3837,8692
Okonek,53.5284,16.8535,8691
Krasnystaw,51.00001,23.06125,8679
Białobrzegi,50.11851,22.34154,8671
Warta Bolesławiecka,51.23204,15.66625,8665
Purda,53.6647,20.6741,8658
Ryńsk,53.2655,18.9133,8648
Będzino,54.1967,15.9643,8634
Kolno,53.41776,22.0094,8634
Piaski,51.88486,17.07464,8633
Puszcza Mariańska,51.97981,20.35131,8630
Kalety,50.5687,18.9297,8627
Jodłownik,49.7842,20.2305,8614
Barwice,53.7429,16.3513,8613
Zaklików,50.73588,22.07867,8605
Nawojowa,49.5282,20.7509,8599
Poręba,50.4891,19.331,8581
Kotuń,52.16126,22.0319,8575
Książ Wielkopolski,52.0611,17.2381,8564
Samborzec,50.64739,21.64873,8559
Gorzkowice,51.20605,19.61084,8541
Żabia Wola,51.99799,20.68392,8541
Łęczyca,52.0674,19.1517,8538
Sobków,50.71183,20.44099,8533
Krośniewice,52.2548,19.1702,8520
Ochotnica Dolna,49.51868,20.3077,8518
Kłodawa,52.832,15.2567,8506
Raciąż,52.78221,20.03355,8492
Zgorzelec,51.13615,15.06991,8489
Przemków,51.5308,15.7835,8488
Kaźmierz,52.4994,16.5488,8475
Gardeja,53.61186,18.94524,8469
Łyse,53.36474,21.56565,8469
Pawłosiów,50.0064,22.6246,8467
Budzyń,52.8864,16.9354,8467
Łużna,49.6972,21.0607,8465
Tryńcza,50.13049,22.54313,8459
Żarki,50.6279,19.3646,8443
Radzanowo,52.5869,19.852,8413
Goworowo,52.90155,21.55706,8412
Wińsko,51.4453,16.6183,8409
Węgliniec,51.2837,15.2258,8402
Giżycko,54.02511,21.88135,8387
Santok,52.7557,15.4407,8382
Borzęcin,50.0657,20.7117,8378
Żelechów,51.8084,21.8985,8374
Lądek-Zdrój,50.3482,16.8833,8365
Krzemieniewo,51.85896,16.80841,8361
Ustka,54.57043,16.9319,8360
Zbąszynek,52.247,15.8264,8351
Gołańcz,52.9507,17.3067,8347
Kętrzyn,54.0515,21.4058,8334
Ulanów,50.4907,22.2959,8328
Rychwał,52.0722,18.1738,8320
Brańszczyk,52.6632,21.629,8307
Lutomiersk,51.7701,19.1547,8307
Podgórzyn,50.8139,15.7088,8294
Mirzec,51.1438,21.0565,8293
Jaraczewo,51.9477,17.315,8289
Dąbrowa Chełmińska,53.1742,18.2444,8285
Brudzeń Duży,52.66556,19.50588,8274
Izbica,50.89259,23.15377,8271
Sobolew,51.73766,21.6653,8269
Mikołajki,53.8019,21.5809,8267
Wielopole Skrzyńskie,49.94385,21.59797,8260
Kamieniec Ząbkowicki,50.5213,16.9105,8247
Rudniki,51.03805,18.59865,8242
Osiek,49.95315,19.26641,8233
Reńska Wieś,50.34157,18.10395,8229
Dobrzyca,51.8476,17.6268,8228
Bodzanów,52.48879,20.00186,8223
Brodnica,53.23762,19.40954,8214
Dąbrowa,50.7038,17.7725,8213
Kąkolewnica Wschodnia,51.8993,22.6648,8209
Ruciane-Nida,53.6499,21.5487,8200
Tworóg,50.53133,18.7201,8197
Bliżyn,51.09179,20.71323,8189
Kołbiel,52.05914,21.48997,8186
Nozdrzec,49.7717,22.1612,8180
Nowe Miasto Lubawskie,53.46427,19.57729,8177
Krośnice,51.4446,17.3976,8177
Szczerców,51.32051,19.12469,8164
Tuszów Narodowy,50.3707,21.5203,8157
Władysławów,52.1145,18.428,8156
Klimontów,50.6513,21.4498,8138
Narol,50.3467,23.3023,8134
Kobylin,51.7171,17.239,8130
Jeżewo,53.5362,18.5019,8125
Wiśniowa,49.8743,21.63612,8122
Popielów,50.8442,17.7374,8119
Laskowa,49.7607,20.4991,8100
Radzyń Podlaski,51.79045,22.56519,8099
Świnna,49.65857,19.25345,8094
Wyry,50.1168,18.8934,8087
Cmolas,50.32664,21.70355,8085
Tomice,49.92543,19.51697,8085
Resko,53.769,15.4065,8076
Skarbimierz,50.86441,17.40286,8057
Grodzisko Dolne,50.1649,22.4449,8050
Łapanów,49.8656,20.29278,8049
Strzyżewice,51.05954,22.47012,8046
Dąbrówka,52.4895,21.2712,8032
Jabłonna,51.0822,22.6378,8024
Drobin,52.73806,19.9898,8024
Choceń,52.48607,19.01562,8022
Baboszewo,52.7114,20.2719,8016
Łasin,53.51819,19.08879,8006
Kleszczewo,52.3265,17.1451,7998
Dydnia,49.68154,22.20224,7997
Ujście,53.0548,16.7277,7993
Darłowo,54.3984,16.4007,7987
Mszana Dolna,49.6813,20.0793,7982
Babiak,52.3485,18.7111,7969
Gnojnik,49.89141,20.62597,7965
Krzymów,52.17622,18.37513,7961
Dolice,53.1857,15.2022,7959
Mrągowo,53.87995,21.3343,7957
Szerzyny,49.80985,21.24447,7957
Olesno,50.2078,20.9178,7957
Glinojeck,52.8205,20.2967,7954
Baranów,51.2343,17.9999,7948
Święciechowa,51.83749,16.48967,7939
Bierawa,50.28033,18.30152,7929
Stoczek Łukowski,51.9546,22.0163,7921
Cyców,51.3097,23.1524,7911
Lipno,51.9147,16.5615,7909
Kaczory,53.10304,16.88238,7900
Lubomia,50.03994,18.30897,7900
Szczytniki,51.68714,18.32957,7865
Nowe Miasto nad Pilicą,51.625,20.5659,7863
Pełczyce,53.0469,15.2968,7858
Długosiodło,52.7654,21.5801,7853
Płońsk,52.6271,20.405,7846
Jeziorany,53.9747,20.747,7839
Bogoria,50.6522,21.2788,7837
Jasienica Rosielna,49.75066,21.93858,7829
Szczekociny,50.6213,19.8277,7824
Kamienica,49.5884,20.2521,7820
Sońsk,52.76667,20.71949,7815
Bojszowy,50.05455,19.09821,7795
Grabów nad Prosną,51.5063,18.1126,7795
Olsztyn,50.7355,19.2775,7785
Ujazd,51.6045,19.90839,7783
Skórzec,52.1032,22.0944,7782
Sitkówka-Nowiny,50.8201,20.5233,7777
Wolbórz,51.49615,19.84144,7767
Poniec,51.7631,16.8078,7765
Leśnica,50.4292,18.1816,7751
Bolesław,50.30115,19.47249,7747
Rudna,51.5227,16.33,7742
Czerwińsk nad Wisłą,52.4346,20.3599,7738
Iwierzyce,50.02296,21.75512,7736
Izbica Kujawska,52.4192,18.7604,7735
Osiek,50.52058,21.44274,7733
Koło,52.2255,18.6824,7728
Dobrzyń nad Wisłą,52.63848,19.32066,7727
Osięciny,52.6474,18.7315,7710
Łowicz,52.10441,19.88493,7706
Słupno,52.50876,19.82621,7705
Wadowice Górne,50.2673,21.2607,7703
Igołomia-Wawrzeńczyce,50.1069,20.2693,7702
Piecki,53.71991,21.34174,7700
Kurów,51.4079,22.1737,7698
Lubasz,52.8146,16.5089,7695
Mierzęcice,50.4342,19.1321,7691
Ksawerów,51.6748,19.4049,7684
Białogard,53.99365,15.89894,7682
Stopnica,50.4583,20.9229,7664
Chmielno,54.3115,18.0547,7658
Dobroń,51.61848,19.23731,7653
Nowy Staw,54.1389,19.0098,7651
Mszana,49.96933,18.52818,7647
Sławno,51.3994,20.14134,7640
Czorsztyn,49.44819,20.31109,7632
Gmina Suwałki,54.09365,23.05058,7621
Strzegowo,52.9267,20.2976,7616
Pawłowiczki,50.2485,18.0127,7609
Świerzawa,51.0172,15.8991,7606
Łambinowice,50.53441,17.54506,7602
Reszel,54.0511,21.1428,7600
Skępe,52.8649,19.3466,7583
Szamocin,53.0311,17.1212,7581
Jadów,52.4882,21.6224,7571
Stronie Śląskie,50.297,16.8789,7568
Miedźno,50.9701,18.98146,7557
Koźminek,51.7916,18.3305,7557
Błędów,51.7973,20.6645,7553
Łoniów,50.5676,21.5197,7552
Cewice,54.4367,17.7423,7545
Kłecko,52.6267,17.4415,7544
Susiec,50.4323,23.203,7537
Borek Wielkopolski,51.9113,17.2288,7536
Bojanów,50.44479,21.96926,7531
Elbląg,54.15867,19.30862,7522
Krajenka,53.2927,16.9837,7511
Ciasna,50.7804,18.6343,7509
Prochowice,51.27233,16.36465,7507
Skierniewice,51.9339,20.21146,7506
Zduny,51.6459,17.3753,7505
Rypin,53.04955,19.48955,7503
Kotlin,51.9356,17.6391,7503
Gniewino,54.7042,17.9959,7497
Gmina Charsznica,50.40898,19.92851,7479
Siennica,52.06901,21.61124,7466
Liw,52.39461,21.9521,7462
Nekla,52.385,17.4058,7461
Łagiewniki,50.793,16.783,7458
Trzebieszów,51.9979,22.5346,7442
Nędza,50.16161,18.31103,7440
Widawa,51.4143,18.942,7439
Strzeleczki,50.4632,17.8468,7434
Trojanów,51.6908,21.7752,7428
Pacanów,50.37404,21.04132,7420
Miasteczko Śląskie,50.4951,18.9463,7419
Radgoszcz,50.2058,21.11401,7418
Lubień Kujawski,52.4014,19.1679,7412
Ćmielów,50.8957,21.5254,7411
Osiecznica,51.39468,15.42229,7398
Kalisz Pomorski,53.2929,15.9031,7397
Wierzbinek,52.4448,18.4994,7396
Kraśnik,50.9069,22.2348,7385
Ryczywół,52.79901,16.81325,7379
Prostki,53.70057,22.42893,7379
Szadek,51.7025,18.9803,7374
Staroźreby,52.63338,19.98962,7370
Szczytna,50.3992,16.4374,7370
Jonkowo,53.825,20.2664,7341
Niedźwiedź,49.5977,20.1084,7338
Wiśniowa,49.78897,20.11588,7336
Cieszanów,50.2453,23.1309,7328
Czerniejewo,52.4315,17.4808,7310
Piszczac,51.95962,23.38313,7306
Przytyk,51.45984,20.87321,7304
Wiązów,50.8197,17.1993,7296
Sadki,53.16067,17.44946,7287
Rakszawa,50.1837,22.2234,7286
Szczawnica,49.4385,20.4977,7286
Radomyśl nad Sanem,50.71143,21.96153,7283
Jeżów Sudecki,50.9613,15.7348,7283
Przasnysz,53.02638,20.92822,7282
Gościeradów,50.8648,22.0071,7280
Dragacz,53.50765,18.73478,7279
Mircze,50.6346,23.9181,7273
Iłowo-Osada,53.1885,20.3044,7273
Przedbórz,51.0827,19.8745,7262
Wąsosz,51.5611,16.6931,7260
Ostrów,50.14343,21.60625,7246
Kłoczew,51.7387,21.9653,7245
Rzgów,52.1446,18.0803,7245
Głowaczów,51.6174,21.3204,7245
Żagań,51.5845,15.3773,7243
Międzylesie,50.1443,16.6465,7241
Gubin,51.9331,14.7762,7239
Rybno,53.3679,19.9491,7238
Pabianice,51.698,19.2726,7238
Jaworze,49.7639,18.9087,7231
Stawiszyn,51.9205,18.1104,7229
Zarzecze,49.9914,22.5242,7223
Mieszkowice,52.7852,14.4942,7218
Włocławek,52.5971,19.1771,7213
Jednorożec,53.1603,21.0564,7190
Złoczew,51.4122,18.6008,7189
Krasnobród,50.5402,23.212,7187
Kostomłoty,51.0567,16.6446,7178
Jemielnica,50.56831,18.39669,7176
Kikół,52.91206,19.1199,7176
Lubochnia,51.5974,20.0489,7162
Gorzów Śląski,51.0209,18.4106,7162
Jutrosin,51.6496,17.1707,7161
Biały Dunajec,49.3673,20.00798,7150
Świeszyno,54.0978,16.1994,7125
Sierpc,52.8323,19.6477,7120
Bogdaniec,52.6876,15.0972,7109
Jasień,51.7523,15.0154,7102
Wodzisław,50.51824,20.22045,7100
Pyzdry,52.1684,17.6842,7080
Raniżów,50.2821,21.9941,7076
Ciechanów,52.8681,20.5471,7066
Złotoryja,51.1459,15.9492,7066
Uniejów,51.9684,18.7973,7062
Węgorzyno,53.5382,15.5645,7061
Trzyciąż,50.29753,19.79695,7054
Sławków,50.29179,19.34746,7040
Modliborzyce,50.7461,22.3373,7037
Czermin,50.32068,21.29101,7032
Szepietowo,52.8669,22.5442,7028
Krzykosy,52.1321,17.35,7027
Sieniawa,50.1727,22.5938,7022
Hyżne,49.9037,22.18936,7012
Łubianka,53.141,18.4853,7008
Jastrzębia,51.50894,21.25193,7005
Maciejowice,51.7022,21.5419,7003
Rząśnik,52.7096,21.3838,7003
Unisław,53.21307,18.38734,7003
Żołynia,50.16,22.3166,6994
Kamień Krajeński,53.53327,17.51959,6983
Potęgowo,54.4601,17.4552,6979
Cedry Wielkie,54.24868,18.84653,6979
Górowo Iławeckie,54.2938,20.4736,6978
Laszki,50.0211,22.9203,6976
Lubowidz,53.1249,19.8042,6965
Postomino,54.4909,16.6567,6960
Księżpol,50.4174,22.776,6956
Otyń,51.8569,15.6773,6953
Wojcieszków,51.787,22.3273,6950
Manowo,54.10435,16.34008,6945
Suchowola,53.5821,23.0987,6945
Ozorków,51.9854,19.295,6944
Nowa Sól,51.8273,15.7863,6944
Pietrowice Wielkie,50.10598,18.10075,6935
Mieroszów,50.66981,16.19059,6935
Iłowa,51.5024,15.2044,6931
Kochanowice,50.7235,18.7316,6924
Chrząstowice,50.65678,18.09134,6917
Nowa Karczma,54.1348,18.2116,6913
Dynów,49.81733,22.15461,6912
Chmielnik,49.97279,22.15167,6908
Łagów,50.77,21.0656,6908
Lubiszyn,52.8087,14.9798,6907
Siedliszcze,51.2062,23.178,6907
Waśniów,50.89,21.2232,6904
Lasowice Wielkie,50.8812,18.2262,6901
Zaniemyśl,52.1627,17.1855,6886
Rogowo,52.7049,17.6807,6871
Zwierzyniec,50.6063,22.9731,6869
Stryszów,49.831,19.6292,6863
Herby,50.7534,18.88515,6862
Wąchock,51.0715,21.0431,6860
Kamień,50.32425,22.10531,6856
Zalewo,53.8389,19.592,6852
Torzym,52.3116,15.0813,6848
Bystra-Sidzina,49.62064,19.71563,6847
Uście Gorlickie,49.4898,21.1735,6843
Kościelec,52.1679,18.5767,6842
Wielichowo,52.1187,16.3496,6834
Augustów,53.84022,22.83451,6830
Biesiekierz,54.13338,16.03978,6829
Lidzbark Warmiński,54.1135,20.5068,6822
Terespol,52.08889,23.55177,6819
Józefów,50.4786,23.0538,6817
Krościenko nad Dunajcem,49.4511,20.3981,6812
Opatów,50.9465,18.8296,6809
Tychowo,53.9282,16.2607,6809
Czernichów,49.7774,19.1946,6805
Lipinki,49.67152,21.29288,6802
Wielgie,52.74149,19.26221,6790
Kalinowo,53.8503,22.6349,6785
Cekcyn,53.5683,18.0514,6783
Wohyń,51.7617,22.7997,6775
Magnuszew,51.7734,21.3467,6770
Tolkmicko,54.3212,19.5313,6769
Kazimierz Dolny,51.3069,21.95,6769
Sitno,50.7435,23.3885,6766
Zawidz,52.81871,19.87931,6752
Kunice,51.2362,16.2742,6750
Rzepiennik Strzyżewski,49.79454,21.07848,6745
Iwaniska,50.7235,21.272,6745
Tarnogród,50.3641,22.7429,6744
Stanisławów,52.28668,21.50632,6737
Goczałkowice-Zdrój,49.93032,18.88639,6736
Przeciszów,49.9956,19.37,6735
Bielsk Podlaski,52.78633,23.07646,6732
Stara Kiszewa,53.9796,18.1688,6716
Koprzywnica,50.5948,21.576,6714
Michałowo,53.0331,23.6106,6704
Słopnice,49.6756,20.3329,6698
Wysoka,53.1843,17.071,6694
Łyszkowice,51.98876,19.9241,6690
Kamieniec,52.15042,16.49301,6689
Szklarska Poręba,50.8142,15.4664,6681
Józefów nad Wisłą,51.0223,21.9159,6666
Dobiegniew,52.9686,15.7648,6664
Głogów,51.67092,16.13688,6663
Wierzchlas,51.1664,18.73287,6662
Chodel,51.11187,22.13264,6658
Bircza,49.68024,22.4195,6656
Pawonków,50.6682,18.5722,6646
Gietrzwałd,53.7242,20.2622,6638
Dźwierzuty,53.70473,20.95917,6630
Miłkowice,51.25601,16.07411,6629
Lubań,51.13233,15.30858,6607
Branice,50.05646,17.81425,6601
Dobroszyce,51.2981,17.3421,6595
Baranowo,53.1916,21.2647,6593
Pątnów,51.14522,18.61238,6590
Nowa Sucha,52.1624,20.1987,6586
Sośnie,51.4779,17.6563,6582
Świdnica,51.9097,15.3544,6573
Malanów,51.9561,18.3887,6570
Łubowo,52.5026,17.42682,6563
Belsk Duży,51.8113,20.8137,6561
Tymbark,49.7295,20.3099,6558
Medyka,49.80181,22.91098,6554
Wielbark,53.3867,20.9649,6552
Brzyska,49.8227,21.39124,6545
Zakrzówek,50.9397,22.4009,6543
Lubichowo,53.8218,18.3673,6535
Warlubie,53.6135,18.5575,6534
Skalbmierz,50.3206,20.3917,6529
Markowa,49.9894,22.28237,6528
Międzyzdroje,53.9257,14.4365,6528
Olszyna,51.0756,15.3713,6524
Gruta,53.45351,18.95828,6523
Brójce,51.6668,19.64235,6517
Trzciel,52.3638,15.876,6516
Górzno,51.84644,21.7107,6511
Dzikowiec,50.3294,21.8923,6509
Cybinka,52.1944,14.7988,6506
Drwinia,50.0719,20.4259,6505
Marcinowice,50.8781,16.6152,6497
Piława Górna,50.6828,16.7547,6479
Kock,51.6534,22.4425,6477
Dorohusk,51.1587,23.725,6468
Żyrzyn,51.5089,22.0701,6465
Kamionka,51.445,22.4481,6455
Trzydnik Duży,50.858,22.1623,6450
Obrazów,50.6967,21.6338,6447
Rejowiec,51.1046,23.2728,6446
Bisztynek,54.086,20.9073,6441
Krasnosielc,53.03357,21.15572,6440
Lubenia,49.9185,21.97,6438
Banie,53.091,14.6363,6436
Czyżew,52.79944,22.31392,6431
Ośno Lubuskie,52.4562,14.8715,6427
Oleszyce,50.1627,23.0369,6423
Sędziejowice,51.5112,19.0376,6419
Iwkowa,49.81736,20.59065,6415
Dąbie,52.0992,18.8237,6404
Ujazd,50.3964,18.3555,6400
Margonin,52.9705,17.0998,6393
Naruszewo,52.52719,20.3526,6384
Malechowo,54.2743,16.5619,6383
Polanica-Zdrój,50.3988,16.4994,6381
Przechlewo,53.8293,17.2264,6378
Drohiczyn,52.4064,22.654,6377
Kwilcz,52.5395,16.1061,6375
Rytwiany,50.5068,21.24,6372
Bobrowo,53.2658,19.2455,6370
Sobienie-Jeziory,51.9356,21.3315,6369
Grodziczno,53.38455,19.78136,6366
Brzeźnio,51.4974,18.621,6362
Dzwola,50.6737,22.5443,6358
Wydminy,53.969,22.0417,6346
Kroczyce,50.5639,19.6237,6344
Linia,54.45573,17.98568,6323
Pieniężno,54.2349,20.1202,6323
Raciechowice,49.84435,20.14378,6321
Piechowice,50.8276,15.5879,6314
Stary Targ,53.9527,19.1719,6311
Małdyty,53.9194,19.74415,6304
Lipie,51.0299,18.7834,6302
Sępopol,54.2651,21.0132,6301
Karsin,53.91643,17.91375,6297
Lubycza Królewska,50.3341,23.5719,6296
Łabunie,50.659,23.3569,6292
Korytnica,52.4145,21.84973,6291
Barciany,54.22049,21.35176,6275
Tykocin,53.1958,22.7596,6271
Wartkowice,51.9746,18.9962,6260
Niedźwiada,51.5262,22.7039,6246
Chełm Śląski,50.1048,19.19902,6245
Wilczyn,52.4601,18.172,6245
Przyłęk,51.3328,21.7499,6242
Lubomierz,51.0045,15.511,6235
Roźwienica,49.91074,22.5805,6232
Gilowice,49.71355,19.30907,6230
Skoroszyce,50.60841,17.37511,6229
Dobra,51.9139,18.6101,6219
Turobin,50.8197,22.738,6215
Stawiski,53.3755,22.1527,6213
Lanckorona,49.84617,19.71823,6208
Galewice,51.384,18.2794,6199
Frampol,50.674,22.6651,6199
Turośń Kościelna,53.0229,23.0089,6196
Poświętne,52.3347,21.4181,6195
Babimost,52.1647,15.8285,6190
Połajewo,52.791,16.6587,6187
Harasiuki,50.49461,22.46778,6183
Kobyla Góra,51.3681,17.8141,6178
Rokiciny,51.65093,19.80169,6173
Damnica,54.49691,17.28341,6171
Iłów,52.3404,20.0342,6157
Gidle,50.9464,19.4817,6151
Cegłów,52.12006,21.72563,6146
Dynów,49.8138,22.234,6146
Braniewo,54.37264,19.88158,6144
Skulsk,52.47803,18.31948,6142
Kozłowo,53.3456,20.3079,6138
Szczuczyn,53.5665,22.2814,6134
Skarżysko Kościelne,51.1344,20.9312,6132
Łaszczów,50.5324,23.7187,6132
Gmina Gołcza,50.33714,19.92448,6122
Siemiatycze,52.4485,22.78715,6119
Wróblew,51.60008,18.58918,6113
Domaradz,49.79239,21.98495,6112
Kosów Lacki,52.5951,22.1535,6112
Mała Wieś,52.45805,20.10361,6111
Zakroczym,52.4423,20.6148,6111
Piątek,52.06897,19.47985,6094
Bralin,51.2836,17.8933,6093
Chodecz,52.4065,19.0257,6093
Mochowo,52.77651,19.53074,6091
Grybów,49.6149,20.9572,6089
Sanniki,52.3316,19.8652,6089
Grabica,51.47846,19.54024,6087
Sulików,51.0617,15.0757,6082
Mikstat,51.5353,17.976,6081
Kisielice,53.606,19.2603,6078
Osiek Mały,52.2818,18.5669,6075
Kołaczkowo,52.2168,17.6683,6065
Wicko,54.706,17.6026,6064
Włodawa,51.6103,23.4619,6058
Grabów,52.14452,19.01196,6055
Niwiska,50.2388,21.6303,6044
Baborów,50.1632,17.9852,6038
Nowy Korczyn,50.33194,20.8326,6036
Ulan-Majorat,51.8392,22.4656,6030
Borki,51.7286,22.4984,6030
Dobre,52.3276,21.6864,6027
Chodzież,52.98606,16.88554,6023
Sokołów Podlaski,52.4263,22.2114,6021
Ornontowice,50.18218,18.75042,6016
Chlewiska,51.234,20.7298,6010
Łabowa,49.4926,20.8644,6005
Malczyce,51.1712,16.5001,5997
Opinogóra Górna,52.90631,20.71918,5995
Mieścisko,52.7383,17.3293,5992
Lipnica Wielka,49.47526,19.63875,5989
Sadlinki,53.6537,18.8436,5984
Maków,51.95125,20.01738,5981
Raczki,53.99189,22.79188,5981
Pępowo,51.7603,17.1122,5979
Janów,50.72211,19.43653,5979
Żarnów,51.2468,20.1282,5978
Wojciechów,51.2318,22.2358,5978
Chełmno,53.3296,18.4392,5977
Kamieńsk,51.195,19.4994,5977
Kleszczów,51.24067,19.29679,5974
Gozdowo,52.73783,19.70814,5972
Brudzew,52.0859,18.6099,5959
Michów,51.5365,22.3368,5951
Świdwin,53.77924,15.74909,5951
Skrwilno,53.01625,19.62433,5950
Lubiewo,53.4614,17.9912,5944
Orońsko,51.3217,20.9489,5935
Lipiany,53.0071,14.9597,5934
Popów,51.0348,18.9368,5925
Zawonia,51.33237,17.21947,5921
Dolsk,51.9823,17.0588,5910
Przystajń,50.85711,18.7017,5906
Golczewo,53.8253,14.9799,5906
Gomunice,51.15238,19.50918,5902
Sienno,51.10064,21.50631,5902
Świętajno,53.58933,21.2768,5900
Kolonowskie,50.6614,18.3924,5898
Kałuszyn,52.2142,21.8136,5897
Sadowne,52.64298,21.85612,5896
Firlej,51.5676,22.4876,5896
Niechanowo,52.44938,17.66993,5892
Czarna Dąbrówka,54.35586,17.56474,5889
Wielowieś,50.49406,18.54779,5887
Mordy,52.207,22.5107,5881
Ryjewo,53.84463,18.96034,5878
Miączyn,50.7393,23.5522,5874
Drawsko,52.80051,16.01886,5869
Zabrodzie,52.5022,21.4427,5869
Chociwel,53.4663,15.3421,5868
Brzeziny,51.5903,18.2684,5862
Godziszów,50.77772,22.47393,5860
Przywidz,54.19463,18.31833,5855
Grajewo,53.582,22.5304,5851
Kargowa,52.069,15.8631,5851
Sochocin,52.68736,20.47294,5849
Brańsk,52.74968,22.93777,5837
Szastarka,50.842,22.3343,5821
Białaczów,51.2937,20.2999,5820
Sułoszowa,50.2585,19.7536,5819
Głuchów,51.78021,20.07648,5813
Dębowiec,49.81428,18.72053,5810
Radecznica,50.6932,22.8297,5801
Lądek,52.2138,17.8853,5772
Zduny,52.1663,19.7884,5762
Sokoły,53.00994,22.73553,5761
Wiśniew,52.06107,22.29122,5754
Krzanowice,50.0148,18.1264,5753
Nowe Brzesko,50.14892,20.40254,5750
Trzebiel,51.6003,14.836,5748
Ryn,53.9386,21.5466,5740
Ożarowice,50.4755,19.0581,5715
Radziejowice,52.01539,20.51629,5710
Grunwald,53.5308,20.1311,5705
Kuryłówka,50.3284,22.5467,5703
Grzegorzew,52.2126,18.7613,5702
Szczyrk,49.6965,19.008,5699
Spiczyn,51.3557,22.7528,5698
Płośnica,53.2371,20.0149,5693
Niegowa,50.64113,19.48503,5685
Załuski,52.5123,20.52847,5682
Adamów,51.7079,22.2137,5680
Cisek,50.25497,18.20922,5679
Brzeziny,51.81758,19.69368,5672
Raków,50.6934,21.0043,5669
Tyszowce,50.6246,23.7235,5665
Przytoczna,52.5811,15.6866,5662
Szczawno-Zdrój,50.79512,16.22375,5650
Bulkowo,52.5567,20.0759,5650
Lipnica Murowana,49.8476,20.5194,5648
Dygowo,54.13127,15.72212,5647
Karczmiska,51.2446,21.9983,5647
Wyszogród,52.3917,20.1911,5645
Radziejów,52.6191,18.531,5638
Radomsko,51.03339,19.43362,5636
Rutki,53.09076,22.43549,5636
Stromiec,51.6545,21.1324,5633
Bargłów Kościelny,53.7409,22.82,5631
Rozogi,53.4742,21.343,5628
Śliwice,53.7003,18.1509,5622
Puchaczów,51.3018,23.0036,5616
Policzna,51.43921,21.6688,5615
Kamienica Polska,50.6703,19.12273,5610
Krościenko Wyżne,49.676,21.8288,5610
Recz,53.2547,15.5537,5607
Ciepielów,51.23917,21.54255,5604
Promna,51.6953,20.8961,5602
Lipka,53.481,17.2046,5601
Młodzieszyn,52.32001,20.18279,5598
Terespol,52.0769,23.6189,5594
Somianka,52.57405,21.25366,5593
Ludwin,51.3807,22.9446,5584
Zembrzyce,49.77804,19.54789,5583
Leoncin,52.35719,20.51489,5577
Walim,50.7268,16.41,5573
Bukowsko,49.46926,22.04439,5567
Borowa,50.38674,21.3533,5566
Fredropol,49.65016,22.69656,5565
Miłakowo,54.0038,20.0728,5564
Chłopice,49.93909,22.70608,5556
Sawin,51.2791,23.4648,5554
Wiślica,50.3713,20.6835,5552
Niemcza,50.7175,16.8394,5545
Dołhobyczów,50.5317,23.9871,5541
Nielisz,50.8105,23.0572,5540
Choczewo,54.74033,17.89192,5539
Sadkowice,51.7091,20.5477,5538
Wilkołaz,50.9968,22.3155,5532
Koszyce,50.1727,20.5782,5531
Trzciana,49.8296,20.3774,5529
Kuślin,52.3701,16.3258,5524
Burzenin,51.43871,18.77696,5521
Goszczanów,51.78929,18.50798,5516
Biała,51.26214,18.43541,5512
Żegocina,49.8144,20.4292,5510
Łaskarzew,51.79564,21.53509,5503
Walce,50.38871,17.99879,5494
Widuchowa,53.1333,14.4644,5494
Mirosławiec,53.3445,16.0878,5494
Subkowy,54.00242,18.76808,5493
Żółkiewka,50.8952,22.844,5490
Sulęczyno,54.23328,17.77481,5480
Osie,53.6139,18.2985,5475
Stoszowice,50.5975,16.6766,5473
Sejny,54.1105,23.3477,5472
Bytom Odrzański,51.7281,15.8242,5465
Płoniawy-Bramura,52.97883,21.0692,5464
Drelów,51.9166,22.8984,5460
Bielawy,52.082,19.6413,5454
Bedlno,52.17552,19.6076,5453
Potok Górny,50.4046,22.513,5449
Marklowice,50.01861,18.52666,5447
Nowe Miasteczko,51.6898,15.7335,5445
Ropa,49.5741,21.0624,5440
Damasławek,52.8439,17.4367,5437
Latowicz,52.0285,21.7703,5436
Dobre,52.68429,18.57865,5429
Łąck,52.45394,19.62655,5423
Izbicko,50.5711,18.1598,5418
Wysokie Mazowieckie,52.93082,22.48624,5416
Janów Podlaski,52.198,23.2527,5407
Mokrsko,51.17945,18.48862,5399
Jodłowa,49.8839,21.2881,5399
Murów,50.8836,18.0024,5397
Kiszkowo,52.589,17.2834,5395
Jarocin,50.57165,22.31129,5392
Kobylanka,53.36753,14.86047,5390
Kaliska,53.896,18.1784,5387
Grębocice,51.5781,16.2047,5387
Pasym,53.6503,20.7945,5387
Padew Narodowa,50.43654,21.49816,5376
Jasieniec,51.79418,20.99193,5371
Śniadowo,53.0663,21.9643,5364
Trzcińsko-Zdrój,52.9682,14.611,5363
Jordanów,49.64888,19.83713,5362
Bardo,50.5007,16.7475,5362
Osiek Jasielski,49.63829,21.48754,5358
Jedwabne,53.2944,22.2952,5355
Zagrodno,51.2043,15.8497,5347
Wilga,51.83982,21.38905,5346
Gromadka,51.4006,15.7375,5345
Brzuze,53.0545,19.2596,5343
Wieniawa,51.36782,20.78371,5342
Radymno,49.954,22.8297,5335
Doruchów,51.4028,18.0966,5335
Wiśniewo,53.06523,20.34857,5330
Repki,52.3766,22.4349,5326
Borów,50.8574,17.0065,5324
Lipnik,50.7347,21.4856,5322
Dzierzkowice,50.96513,22.08406,5314
Gąsawa,52.7606,17.7984,5313
Solina,49.3558,22.415,5311
Stara Błotnica,51.54487,21.0079,5305
Biały Bór,53.8753,16.8429,5303
Dobromierz,50.9118,16.24311,5301
Łęka Opatowska,51.2134,18.1155,5301
Lisewo,53.2961,18.6488,5282
Lisków,51.8412,18.3851,5279
Tarłów,51.001,21.7083,5278
Gródek,53.1064,23.6424,5278
Pokój,50.9139,17.8735,5272
Rajgród,53.7301,22.6799,5272
Stara Kamienica,50.899,15.5528,5267
Lipsk,53.7376,23.4014,5263
Małomice,51.5568,15.4486,5261
Horodło,50.9184,24.0105,5259
Baranów,52.1434,20.4772,5257
Legnickie Pole,51.14419,16.24294,5252
Smętowo Graniczne,53.7251,18.6219,5250
Ostrów Lubelski,51.4912,22.8461,5248
Jastrząb,51.2349,20.9589,5242
Stolno,53.3396,18.5892,5239
Gostycyn,53.4949,17.81,5238
Włodowice,50.55609,19.4525,5237
Rozdrażew,51.7854,17.5181,5232
Skierbieszów,50.8448,23.3612,5229
Karniewo,52.83374,20.97748,5226
Lipnica,53.9776,17.3681,5225
Udanin,51.0579,16.4436,5225
Kluczewsko,50.92901,19.92165,5224
Rachanie,50.5498,23.5578,5222
Stężyca,51.6103,21.7412,5221
Grodziec,52.0408,18.0315,5220
Stary Zamość,50.8293,23.2146,5218
Przelewice,53.11081,15.10593,5217
Domaniów,50.9137,17.1502,5215
Borowie,51.95288,21.77734,5208
Tułowice,50.5943,17.69194,5206
Żytno,50.917,19.7031,5199
Świedziebnia,53.15243,19.55532,5199
Kawęczyn,51.8976,18.5042,5196
Rudnik,50.15455,18.1588,5189
Dąbrowa Biskupia,52.7757,18.4905,5158
Kornowac,50.0762,18.3246,5156
Drużbice,51.46476,19.39653,5154
Gościno,54.0319,15.6608,5154
Gmina Książ Wielki,50.44294,20.14009,5152
Sztabin,53.71311,23.11131,5148
Zapolice,51.52496,18.91536,5147
Bukowiec,53.4224,18.2479,5146
Ostrowite,52.3782,18.0127,5144
Rusiec,51.31764,18.96662,5139
Turośl,53.40267,21.71398,5139
Wierzbica,51.26315,23.32329,5136
Czerwin,52.94647,21.75928,5136
Krasiczyn,49.75311,22.6356,5135
Gronowo Elbląskie,54.09822,19.2995,5132
Drawno,53.2179,15.7561,5123
Czerniewice,51.65175,20.17787,5118
Skąpe,52.1602,15.437,5115
Kowale Oleckie,54.1467,22.336,5102
Granowo,52.2328,16.5391,5100
Panki,50.88306,18.75263,5099
Łączna,50.99426,20.78263,5096
Garbatka-Letnisko,51.48702,21.64998,5096
Międzybórz,51.4017,17.6724,5096
Wielka Nieszawka,52.9487,18.5421,5094
Bieżuń,52.96114,19.88997,5088
Buczek,51.5212,19.1717,5077
Jakubów,52.23954,21.68114,5068
Komarów-Osada,50.6367,23.4983,5067
Solec-Zdrój,50.3807,20.8897,5059
Sośno,53.38952,17.68825,5059
Przybiernów,53.7409,14.81494,5044
Mokobody,52.26363,22.12962,5040
Szlichtyngowa,51.7081,16.2394,5039
Parzęczew,51.9449,19.2158,5036
Pogorzela,51.823,17.2297,5036
Jaświły,53.5046,22.961,5035
Działoszyce,50.3666,20.3507,5033
Regimin,52.94207,20.55233,5026
Drzycim,53.5074,18.31078,5021
Wisznice,51.7807,23.1606,5018
Ostroróg,52.624,16.4547,5018
Zadzim,51.7865,18.9083,5012
Łagów,52.33513,15.29366,5010
Człopa,53.0838,16.133,5009
Stoczek,52.54287,21.90135,5008
Tuczno,53.1994,16.1684,5007
Łomazy,51.89837,23.16608,5002
Męcinka,51.07387,16.09737,5001
Sokolniki,51.3178,18.3404,4999
Miłomłyn,53.7711,19.8442,4998
Solec nad Wisłą,51.1154,21.7245,4994
Nagłowice,50.6541,20.1273,4993
Dąbie,51.9788,15.173,4989
Niechlów,51.68996,16.36628,4985
Pokrzywnica,52.62082,21.01994,4983
Sękowa,49.55539,21.28879,4981
Zakrzewo,53.39948,17.16087,4974
Olszanica,49.48955,22.44789,4965
Łaziska,51.1524,21.8558,4956
Goniądz,53.4898,22.7371,4954
Mielno,54.26014,16.06214,4951
Jeziora Wielkie,52.53069,18.26735,4950
Platerów,52.2919,22.7881,4943
Olszanka,50.77395,17.44607,4942
Lelów,50.7068,19.6549,4929
Dobrzany,53.3581,15.4334,4929
Serniki,51.4354,22.7187,4925
Jerzmanowa,51.5958,16.0362,4925
Krzywcza,49.7852,22.5126,4924
Trzcinica,51.16804,18.00565,4921
Moszczenica,49.73402,21.09564,4921
Tczów,51.32629,21.44711,4916
Szczawin Kościelny,52.37094,19.61369,4914
Stepnica,53.6969,14.608,4911
Czermin,51.9834,17.7814,4907
Mycielin,51.9602,18.2483,4905
Szumowo,52.91915,22.08346,4900
Kobiór,50.06133,18.93236,4898
Brodnica,52.1479,16.8918,4896
Baćkowice,50.7762,21.2476,4892
Rząśnia,51.21909,19.04489,4892
Białośliwie,53.11717,17.1414,4891
Stupsk,53.00965,20.44417,4889
Jedlina-Zdrój,50.72416,16.33956,4887
Topólka,52.50353,18.71315,4880
Łaskarzew,51.7855,21.6082,4879
Miastków Kościelny,51.88423,21.82606,4874
Kruszyna,50.9969,19.3066,4869
Czarny Bór,50.7651,16.1373,4858
Secemin,50.76773,19.8371,4856
Mały Płock,53.3057,21.9989,4854
Nowosolna,51.8118,19.62822,4850
Zbiczno,53.3499,19.3879,4849
Stara Kornica,52.1839,22.954,4849
Troszyn,53.04537,21.78359,4848
Głowno,51.9896,19.682,4847
Lipowiec Kościelny,53.09872,20.23568,4845
Przeworno,50.6827,17.1619,4845
Płużnica,53.31645,18.79453,4838
Zatory,52.61761,21.20397,4835
Pakosław,51.5995,17.0496,4832
Kuczbork-Osada,53.08634,20.04816,4824
Obryte,52.71642,21.24966,4818
Siemkowice,51.20355,18.89966,4814
Ładzice,51.08169,19.35705,4809
Sarnaki,52.29442,22.96701,4807
Malbork,54.05276,19.03679,4791
Radziłów,53.42074,22.45351,4790
Pniewy,51.90309,20.73729,4789
Pierzchnica,50.6863,20.7845,4788
Chocz,51.9764,17.889,4787
Ceków-Kolonia,51.8651,18.3055,4786
Horyniec-Zdrój,50.22597,23.40033,4785
Grzmiąca,53.8291,16.4216,4781
Knyszyn,53.3196,22.8975,4780
Osjaków,51.28608,18.79108,4768
Rogów,51.8328,19.8688,4765
Rogowo,52.98104,19.42194,4763
Mniszków,51.38835,19.97545,4760
Radwanice,51.561,15.9348,4755
Bartniczka,53.24149,19.56529,4748
Krzeszyce,52.5807,15.0723,4738
Rojewo,52.90341,18.27902,4738
Słońsk,52.5647,14.8063,4737
Ulhówek,50.4418,23.8368,4730
Duszniki-Zdrój,50.3703,16.3818,4728
Potok Wielki,50.7523,22.2169,4728
Adamów,50.59988,23.18869,4727
Wąwolnica,51.3007,22.1176,4724
Szydłów,50.6057,20.9846,4720
Bierzwnik,53.05791,15.70182,4719
Wola Mysłowska,51.8503,21.9816,4712
Karpacz,50.7638,15.7442,4711
Stare Pole,54.0628,19.184,4701
Radzyń Chełmiński,53.3862,18.9359,4696
Nowe Miasto,52.6571,20.62889,4688
Suchożebry,52.26642,22.28903,4687
Tłuchowo,52.74762,19.46717,4676
Gmina Kozłów,50.48433,20.02524,4671
Wielgomłyny,51.01246,19.76552,4670
Gowarczów,51.2798,20.4516,4664
Cieszków,51.6064,17.3433,4663
Domaniewice,52.0298,19.8047,4659
Żarnowiec,50.49674,19.85522,4658
Gielniów,51.3972,20.503,4655
Gizałki,52.046,17.8383,4652
Komańcza,49.3267,22.0472,4652
Strzelce Wielkie,51.13913,19.14685,4651
Rzeczyca,51.60641,20.311,4648
Lichnowy,54.11575,18.91348,4648
Szydłowo,53.08358,20.49357,4645
Dziadowa Kłoda,51.2161,17.6917,4644
Skórcz,53.80534,18.52897,4643
Michałów,50.4809,20.4219,4634
Świercze,52.67084,20.76442,4632
Pielgrzymka,51.1051,15.7895,4628
Uchanie,50.8995,23.6946,4621
Liniewo,54.07583,18.24405,4618
Gać,50.0258,22.4048,4618
Lubanie,52.679,18.9699,4611
Nowa Brzeźnica,51.0514,19.1345,4609
Oksa,50.758,20.1518,4605
Dąbrowa,52.74949,17.94205,4604
Waganiec,52.8039,18.8574,4604
Siemień,51.6239,22.7585,4600
Lututów,51.3481,18.4629,4600
Jabłonna Lacka,52.50121,22.44294,4591
Fajsławice,51.09145,22.96177,4591
Kodrąb,51.09905,19.62862,4575
Olszówka,52.1832,18.8685,4570
Sorkwity,53.8375,21.1468,4568
Złoty Stok,50.4344,16.8718,4568
Dłutów,51.5677,19.3757,4567
Kazanów,51.26777,21.44432,4562
Sułów,50.7603,22.9755,4560
Marciszów,50.8577,16.0319,4553
Ruda-Huta,51.23763,23.59331,4551
Łękawica,49.7445,19.3053,4543
Ujsoły,49.48374,19.13595,4541
Siekierczyn,51.1239,15.1894,4540
Czarnożyły,51.2849,18.56114,4535
Ostrówek,51.33646,18.62088,4533
Wysokie,50.9074,22.6948,4532
Brąszewice,51.5035,18.4541,4530
Łukta,53.80521,20.08447,4521
Fałków,51.1314,20.0739,4519
Obrzycko,52.6943,16.5431,4515
Spytkowice,49.57761,19.83238,4508
Kijewo Królewskie,53.2637,18.4402,4504
Besko,49.5911,21.9514,4504
Zawichost,50.7992,21.8346,4503
Wilków,51.2472,21.8942,4496
Przykona,51.9957,18.6418,4490
Krzczonów,51.0086,22.7069,4484
Młynary,54.1885,19.7264,4484
Dmosin,51.89266,19.77458,4476
Jawornik Polski,49.91542,22.30637,4475
Grębków,52.27847,21.95533,4471
Słubice,52.36994,19.93864,4469
Dobra,53.5812,15.3048,4469
Kęsowo,53.5786,17.7074,4464
Złota,50.3892,20.5698,4461
Niegosławice,51.6121,15.7341,4457
Zalesie,52.06447,23.39982,4456
Wilków,51.1288,17.6426,4456
Wodynie,52.03328,21.97716,4454
Klukowo,52.75685,22.56304,4451
Sulmierzyce,51.18601,19.19294,4450
Kobiele Wielkie,51.03432,19.62373,4449
Rzeczniów,51.1229,21.3982,4448
Różan,52.8886,21.3863,4446
Raciąż,52.78271,20.12048,4437
Wyszki,52.8382,22.9597,4434
Kije,50.6148,20.5842,4431
Bledzew,52.5185,15.4131,4427
Paradyż,51.30626,20.09227,4423
Radziejów,52.6328,18.5645,4422
Imielno,50.5887,20.4214,4420
Kotla,51.741,16.0451,4415
Góra Świętej Małgorzaty,52.06522,19.31607,4406
Gnojno,50.5835,20.8625,4403
Rejowiec Fabryczny,51.1192,23.2498,4396
Czemierniki,51.6694,22.631,4394
Dobryszyce,51.1424,19.4169,4393
Filipów,54.18077,22.62222,4387
Zbójno,53.00569,19.15355,4381
Lubrza,50.31996,17.66218,4376
Papowo Biskupie,53.2567,18.5737,4376
Rokietnica,49.8841,22.6326,4376
Wąsewo,52.8442,21.6977,4371
Trzcianne,53.3113,22.6062,4367
Kondratowice,50.7669,16.9348,4363
Boćki,52.6416,23.0526,4363
Lutocin,52.98208,19.76698,4362
Dąbrówno,53.4596,20.0632,4362
Radłów,50.93328,18.53548,4360
Zwierzyn,52.8025,15.5699,4360
Słupia (Jędrzejowska),50.5898,19.9337,4360
Brochów,52.3331,20.3204,4358
Aleksandrów,51.2693,19.9799,4352
Dziemiany,54.0121,17.7859,4340
Cedynia,52.8783,14.2044,4339
Kampinos,52.2749,20.41792,4337
Kluki,51.34912,19.23985,4328
Suchań,53.2794,15.3246,4325
Moryń,52.8601,14.4007,4322
Janowice Wielkie,50.8925,15.8978,4320
Polanka Wielka,49.98495,19.32409,4312
Wierzchowo,53.4379,16.1791,4311
Bądkowo,52.7042,18.7921,4311
Lgota Wielka,51.14915,19.3277,4308
Wleń,51.0181,15.6721,4308
Szczutowo,52.9288,19.5703,4307
Obsza,50.3337,22.9977,4303
Borkowice,51.3043,20.6954,4302
Ojrzeń,52.76622,20.54418,4301
Rusinów,51.43686,20.58739,4297
Pszczew,52.48463,15.77239,4295
Komarówka Podlaska,51.8296,22.9474,4295
Leśna Podlaska,52.1272,23.0431,4294
Krzeszów,50.388,22.3778,4293
Grodzisk,52.59718,22.76059,4285
Kocierzew Południowy,52.205,20.015,4285
Rejowiec Fabryczny,51.1291,23.1718,4283
Łukowa,50.4022,22.9738,4279
Świecie nad Osą,53.4439,19.10351,4276
Krzyżanów,52.16954,19.44132,4274
Świerzno,53.96548,14.96465,4270
Lniano,53.515,18.2016,4270
Stare Bogaczowice,50.8293,16.1752,4269
Stary Dzików,50.22505,22.91773,4268
Tuchomie,54.1078,17.2957,4268
Kołczygłowy,54.19725,17.25799,4259
Miastkowo,53.13854,21.80936,4257
Górzyca,52.495,14.651,4249
Rogóźno,53.53674,18.92601,4246
Potworów,51.4897,20.7337,4233
Zawidów,51.0246,15.0453,4232
Trzeszczany,50.822,23.7259,4215
Zabór,51.9494,15.6993,4211
Świeradów-Zdrój,50.9092,15.34309,4209
Szreńsk,53.02953,20.14974,4204
Suchy Dąb,54.2046,18.7945,4201
Książki,53.3293,19.0641,4194
Puńsk,54.24958,23.18373,4193
Przedecz,52.3304,18.9051,4193
Masłowice,51.118,19.768,4183
Siennica Różana,51.0084,23.3346,4183
Andrzejewo,52.8314,22.1723,4173
Zbójna,53.2513,21.76,4173
Janów,53.45127,23.28662,4170
Rościszewo,52.91055,19.76768,4169
Nowodwór,51.666,22.1029,4158
Konstantynów,52.2096,23.1062,4154
Kamień,51.0912,23.6181,4152
Świątki,53.92729,20.24197,4150
Jejkowice,50.10654,18.4675,4137
Goraj,50.7323,22.7006,4137
Urszulin,51.3972,23.1739,4135
Markusy,54.04804,19.39143,4133
Polska Cerekiew,50.2176,18.1186,4129
Łubnice,51.1653,18.28983,4121
Łubnice,50.39754,21.1689,4118
Mściwojów,51.0585,16.2622,4113
Czarnocin,51.59483,19.66411,4111
Bejsce,50.23019,20.59933,4108
Wieczfnia Kościelna,53.19549,20.47774,4107
Wizna,53.19,22.36366,4098
Winnica,52.64319,20.94166,4095
Sławoborze,53.89003,15.70805,4090
Mucharz,49.8174,19.5275,4086
Stare Kurowo,52.8418,15.6913,4083
Bolesławiec,51.2114,18.2278,4083
Grabowiec,50.8358,23.5459,4082
Adamówka,50.25873,22.69638,4081
Parysów,51.97626,21.67903,4080
Kiełczygłów,51.23919,18.98489,4074
Abramów,51.4715,22.2896,4071
Wojciechowice,50.8317,21.5864,4064
Nowogród,53.22392,21.87704,4062
Karnice,54.02726,15.0813,4058
Mieleszyn,52.67376,17.53766,4057
Bolimów,52.08379,20.18161,4054
Kuźnica,53.51082,23.6503,4054
Stary Dzierzgoń,53.86181,19.44467,4046
Krypno,53.2724,22.843,4043
Telatyn,50.5314,23.88,4037
Ciechocin,53.05679,18.92472,4034
Sterdyń,52.57984,22.29409,4023
Osiek,53.1572,19.4021,4023
Górowo Iławeckie,54.2885,20.4883,4021
Gaworzyce,51.623,15.8939,4009
Wietrzychowice,50.19423,20.74504,4008
Sejny,54.1212,23.3966,4007
Serokomla,51.6873,22.3126,4005
Dziwnów,54.02537,14.75335,4003
Sadowie,50.8447,21.3532,4002
Łopiennik Górny,51.0445,23.0887,3996
Wąpielsk,53.13905,19.27912,3988
Rymań,53.9533,15.5315,3983
Cielądz,51.69833,20.35348,3981
Wądroże Wielkie,51.1037,16.3676,3980
Paszowice,50.99814,16.1312,3976
Strzelce,52.30674,19.41239,3969
Świętajno,54.0226,22.2979,3967
Nowy Duninów,52.5509,19.4934,3966
Kowal,52.5322,19.166,3959
Sieciechów,51.5359,21.7307,3957
Górzno,53.1966,19.6454,3955
Świnice Warckie,52.04458,18.93759,3950
Czastary,51.2516,18.3069,3949
Baranów,51.5413,22.1677,3948
Tarnawatka,50.5234,23.3915,3947
Daszyna,52.15355,19.1418,3933
Dębowa Kłoda,51.5919,23.0425,3933
Nurzec-Stacja,52.4502,23.13398,3932
Tereszpol,50.5662,22.8943,3931
Nowe Piekuty,52.87354,22.70185,3930
Szypliszki,54.22899,23.06053,3925
Gniewoszów,51.47637,21.79422,3923
Grabów nad Pilicą,51.72803,21.23186,3921
Stubno,49.89674,22.95413,3915
Ostrówek,51.58203,22.61364,3913
Hajnówka,52.71769,23.60117,3911
Dalików,51.8891,19.1053,3901
Radzanów,51.55749,20.86784,3898
Miedzna,52.50439,22.07648,3889
Dąbrowa Zielona,50.84421,19.55592,3888
Mirów,51.1876,21.0081,3885
Rychliki,53.9886,19.4923,3881
Wola Uhruska,51.3478,23.58,3878
Oleśnica,50.4574,21.0625,3878
Srokowo,54.21461,21.52393,3878
Podkowa Leśna,52.11098,20.74695,3875
Milanów,51.7293,22.9112,3874
Szczaniec,52.2422,15.6936,3872
Rewal,54.0815,15.01368,3869
Radomin,53.08696,19.19346,3867
Odrzywół,51.5494,20.506,3863
Gzy,52.74128,20.94543,3858
Gołymin-Ośrodek,52.80899,20.87488,3857
Wielkie Oczy,50.043,23.1265,3852
Jabłoń,51.7075,23.0567,3846
Rychtal,51.16781,17.90795,3843
Krasnopol,54.0939,23.1934,3841
Orchowo,52.50838,18.01954,3840
Czernice Borowe,53.03826,20.76096,3840
Stare Juchy,53.9141,22.1722,3840
Czarnocin,50.3303,20.5349,3834
Wojsławice,50.91943,23.54765,3825
Mietków,50.9683,16.6572,3821
Inowłódz,51.5261,20.2128,3819
Stare Czarnowo,53.3017,14.7252,3817
Konopnica,51.35329,18.82344,3815
Miłki,53.93077,21.82457,3808
Rytro,49.4757,20.6519,3807
Wijewo,51.906,16.1944,3806
Biszcza,50.4144,22.6191,3805
Przyrów,50.7812,19.5102,3804
Brzozie,53.3037,19.6011,3799
Siemyśl,54.0435,15.5347,3791
Brojce,53.9755,15.3646,3787
Smyków,51.0688,20.4087,3787
Brańsk,52.76975,22.85534,3785
Krzęcin,53.06027,15.49102,3775
Borzechów,51.0806,22.255,3775
Wilczyce,50.7519,21.6411,3770
Perzów,51.2482,17.8038,3768
Hańsk,51.42317,23.42341,3766
Jastarnia,54.70902,18.64977,3760
Banie Mazurskie,54.24682,22.03806,3756
Stary Lubotyń,52.9178,21.93,3753
Tuczępy,50.5214,21.0055,3751
Kraśniczyn,50.9251,23.3544,3740
Brzeźnica,51.71592,15.3927,3728
Zaręby Kościelne,52.74574,22.13217,3724
Parchowo,54.211,17.6885,3724
Lipusz,54.09871,17.78541,3723
Trzebielino,54.20243,17.06749,3711
Narewka,52.84981,23.76557,3710
Szelków,52.8162,21.17026,3704
Wojcieszów,50.9559,15.9283,3696
Łeba,54.76188,17.55787,3694
Sabnie,52.48999,22.29538,3693
Zębowice,50.76279,18.34348,3693
Stara Dąbrowa,53.4387,15.1409,3691
Studzienice,54.09,17.6014,3686
Wąsosz,53.4955,22.353,3685
Dzierzążnia,52.60264,20.23281,3684
Mikołajki Pomorskie,53.8494,19.2042,3682
Miedzichowo,52.4029,15.9869,3680
Janowiec,51.3296,21.8838,3675
Morzeszczyn,53.82867,18.66888,3674
Krasne,52.9217,20.8956,3672
Jedwabno,53.5171,20.753,3669
Rąbino,53.8543,15.9272,3668
Leśniowice,51.0015,23.5008,3664
Radowo Małe,53.662,15.4197,3661
Grudusk,53.04031,20.61645,3659
Ustronie Morskie,54.1862,15.7415,3658
Sztutowo,54.32664,19.17784,3655
Rzeczenica,53.7789,17.0372,3653
Siedlisko,51.7654,15.8889,3653
Bielany,52.3366,22.22182,3651
Frombork,54.3581,19.6858,3646
Domaszowice,51.04648,17.8626,3635
Lubomino,54.06291,20.24059,3626
Pacyna,52.3045,19.7094,3617
Słaboszów,50.3865,20.2324,3615
Kraszewice,51.5013,18.2484,3612
Skórcz,53.7943,18.5161,3609
Pałecznica,50.29,20.30273,3602
Kodeń,51.9155,23.5928,3598
Świekatowo,53.4184,18.106,3590
Osieck,51.95533,21.42786,3583
Narew,52.90803,23.49794,3567
Ręczno,51.18653,19.87061,3554
Lubrza,52.30491,15.44678,3549
Kowal,52.5324,19.14506,3544
Pakosławice,50.547,17.32731,3542
Sidra,53.53927,23.45539,3542
Ślemień,49.7348,19.3897,3541
Zakrzewo,52.7488,18.6244,3541
Grabowo,53.47843,22.16942,3536
Gorzków,50.95502,22.97836,3536
Łęki Szlacheckie,51.20115,19.7598,3514
Bałtów,51.01802,21.5411,3513
Siemiątkowo,52.88182,20.03134,3513
Warnice,53.2244,14.9665,3497
Nowe Ostrowy,52.3104,19.213,3496
Jarczów,50.4464,23.586,3486
Bytoń,52.55783,18.59569,3485
Mędrzechów,50.2796,20.9682,3483
Baruchowo,52.5067,19.2975,3482
Pęczniew,51.8168,18.7527,3482
Rybno,52.2328,20.097,3476
Krzynowłoga Mała,53.1605,20.8356,3470
Żukowice,51.6701,15.9357,3467
Kamiennik,50.56592,17.15295,3466
Poświętne,52.9079,22.8239,3459
Trzebiechów,52.0202,15.7167,3446
Radziemice,50.26229,20.20379,3445
Rybczewice,51.0263,22.8629,3445
Jeżów,51.79022,19.94577,3437
Smołdzino,54.6719,17.2952,3430
Kiernozia,52.2688,19.8506,3420
Ińsko,53.43633,15.54947,3414
Wodzierady,51.7175,19.1324,3413
Milejewo,54.2018,19.5534,3413
Brody,51.7681,14.7835,3409
Koczała,53.9127,17.1093,3403
Wieliczki,53.9707,22.6066,3401
Klwów,51.51656,20.63957,3397
Miłoradz,54.01402,18.92017,3397
Boronów,50.67655,18.90721,3395
Boniewo,52.46542,18.89219,3392
Nowogródek Pomorski,52.91167,15.02981,3384
Nowy Kawęczyn,51.887,20.2486,3382
Słupia (Konecka),51.0191,20.1282,3380
Świerczów,50.96025,17.78509,3378
Hel,54.6365,18.77439,3373
Radzanów,52.93403,20.13713,3371
Bełżec,50.375,23.4313,3365
Lipinki Łużyckie,51.6318,14.9913,3359
Skomlin,51.17116,18.38888,3354
Sypniewo,53.006,21.30773,3346
Gręboszów,50.2493,20.7873,3346
Chrzypsko Wielkie,52.6083,16.2449,3344
Kiwity,54.1118,20.7212,3337
Batorz,50.8637,22.4724,3332
Będków,51.5822,19.7749,3331
Żelechlinek,51.71331,20.03735,3331
Krotoszyce,51.1541,16.0927,3319
Pozezdrze,54.1536,21.8611,3315
Kolsko,51.9708,15.9276,3306
Witonia,52.14032,19.28323,3299
Lipce Reymontowskie,51.9089,19.9371,3298
Opatowiec,50.26143,20.68419,3288
Bojadła,51.9583,15.8352,3280
Krynice,50.5785,23.4106,3274
Kobylin-Borzymy,53.08184,22.68576,3271
Aleksandrów,50.4678,22.8853,3270
Korycin,53.42916,23.13104,3256
Uścimów,51.4787,22.9497,3256
Kolno,53.99723,20.99539,3238
Ostaszewo,54.2022,18.9425,3234
Ułęż,51.6138,22.1108,3233
Borzytuchom,54.20625,17.3582,3232
Przesmyki,52.2713,22.6107,3228
Czarna Woda,53.8478,18.1373,3227
Miasteczko Krajeńskie,53.1054,17.0178,3227
Czeremcha,52.49625,23.37625,3223
Janowiec Kościelny,53.29134,20.52401,3216
Krupski Młyn,50.57419,18.6202,3212
Bobrowice,51.9358,15.0588,3210
Przewóz,51.48053,14.9651,3200
Poświętne,51.52614,20.3567,3197
Dębowa Łąka,53.2302,19.063,3183
Koneck,52.7879,18.7093,3177
Jeleniewo,54.20473,22.91242,3172
Marianowo,53.3897,15.2402,3172
Kruklanki,54.0912,22.0506,3161
Bobowo,53.88289,18.55659,3155
Jordanów Śląski,50.8606,16.8485,3154
Baligród,49.32265,22.27345,3142
Raciążek,52.8507,18.8199,3135
Żmudź,51.02045,23.67468,3134
Krynki,53.2636,23.7729,3127
Dzierzgowo,53.1783,20.6278,3126
Bobrowniki,52.7715,18.9994,3122
Bielice,53.20414,14.74326,3121
Kulesze Kościelne,53.0084,22.5213,3119
Godkowo,54.0729,19.9077,3119
Tuplice,51.6943,14.892,3117
Lubniewice,52.5101,15.2386,3116
Bakałarzewo,54.08965,22.70324,3113
Ruda Maleniecka,51.1414,20.1985,3113
Gozdnica,51.4536,15.0856,3100
Tuczna,51.8573,23.4349,3100
Chodów,52.2534,19.0204,3075
Tarnówka,53.3259,16.8646,3071
Ciepłowody,50.6717,16.9159,3059
Jemielno,51.5634,16.5149,3051
Rudnik,50.8612,22.954,3034
Wilczęta,54.17744,19.84888,3027
Rokitno,52.13511,23.31745,3027
Dubeninki,54.2995,22.6193,3016
Osina,53.62092,15.00496,3014
Olszanka,52.14504,22.6642,3011
Wapno,52.9169,17.4669,3000
Białopole,50.9848,23.73528,2989
Dominowo,52.2915,17.3824,2984
Przerośl,54.2352,22.6924,2982
Goszczyn,51.74158,20.85793,2976
Markuszów,51.3819,22.2597,2972
Szudziałowo,53.289,23.604,2970
Hanna,51.7009,23.4443,2941
Chrostkowo,52.94424,19.25251,2937
Chrzanów,50.7765,22.6071,2934
Lelkowo,54.3375,20.1926,2928
Nowinka,53.94405,22.99452,2924
Chąśno,52.1858,19.9113,2924
Kowiesy,51.898,20.4186,2908
Zakrzew,50.8953,22.5467,2906
Sulmierzyce,51.61614,17.52222,2899
Boleszkowice,52.72501,14.56985,2891
Klonowa,51.4325,18.4345,2891
Budry,54.268,21.8408,2875
Perlejewo,52.57326,22.55814,2866
Brok,52.6982,21.8805,2863
Osieczna,53.7881,18.227,2858
Huszlew,52.12465,22.83334,2841
Jeziorzany,51.6245,22.2683,2837
Maszewo,52.1237,14.9246,2831
Starcza,50.6631,19.0488,2824
Jasionówka,53.3929,23.0299,2817
Dziadkowice,52.57388,22.91037,2805
Wierzbno,52.3116,21.8489,2804
Brzeżno,53.69981,15.79122,2792
Wyśmierzyce,51.6212,20.8097,2782
Orla,52.6721,23.2889,2770
Gawłuszowice,50.40339,21.39739,2764
Zawady,53.1573,22.5719,2764
Nur,52.67884,22.34125,2759
Giby,53.9947,23.2981,2757
Strachówka,52.4016,21.6157,2751
Moskorzew,50.64685,19.93066,2730
Bolesław,50.27321,20.90406,2709
Janowo,53.34277,20.67255,2705
Nowy Dwór,53.65132,23.51698,2700
Czerwonka,52.89523,21.2158,2682
Irządze,50.62556,19.68347,2664
Korczew,52.3592,22.6249,2662
Rzewnie,52.83513,21.33644,2651
Słupia,51.8601,19.9608,2651
Boguty-Pianki,52.7285,22.3944,2647
Ruja,51.17353,16.41263,2638
Joniec,52.60117,20.58151,2632
Godzianów,51.89612,20.04438,2631
Domanice,52.0431,22.1473,2626
Sosnowica,51.52081,23.09155,2613
Wyryki,51.567,23.3342,2612
Płaska,53.90575,23.25703,2603
Czarnia,53.33858,21.15723,2594
Oporów,52.2653,19.5278,2594
Paprotnia,52.28793,22.44741,2572
Kleszczele,52.5776,23.3304,2561
Stoczek Łukowski,51.95711,21.95796,2556
Kozielice,53.0836,14.792,2540
Płoskinia,54.26145,19.91426,2533
Bytnica,52.1635,15.1616,2523
Radków,50.71418,19.98688,2514
Ostrowice,53.6523,16.0998,2512
Czajków,51.4808,18.3016,2504
Łęknica,51.5472,14.7556,2500
Racławice,50.3332,20.2199,2496
Sosnówka,51.7397,23.3512,2456
Łanięta,52.3387,19.2679,2450
Dubienka,51.04916,23.89286,2428
Czarna,49.3009,22.6001,2418
Osiek,53.7225,18.4426,2410
Mielnik,52.3509,23.1006,2408
Wiżajny,54.33613,22.86795,2392
Rutka-Tartak,54.3253,22.9634,2382
Obrzycko,52.7018,16.5304,2378
Koszarawa,49.64507,19.40254,2377
Kołaki Kościelne,53.02232,22.37666,2349
Sławatycze,51.78614,23.55333,2346
Chotcza,51.24184,21.73116,2335
Wymiarki,51.5217,15.0787,2321
Powidz,52.42651,17.95101,2302
Pęcław,51.6458,16.2615,2284
Konarzyny,53.86296,17.38938,2277
Rossosz,51.8489,23.1201,2265
Ceranów,52.64432,22.22902,2263
Białowieża,52.6979,23.82766,2253
Jaśliska,49.4225,21.8131,2225
Budziszewice,51.68163,19.97472,2181
Przytuły,53.3844,22.3209,2148
Stary Brus,51.494,23.2661,2113
Lutowiska,49.1516,22.6836,2077
Czyże,52.78671,23.42993,2034
Suraż,52.9519,22.9531,1984
Tyrawa Wołoska,49.5882,22.3559,1964
Lewin Kłodzki,50.4149,16.3031,1940
Nieszawa,52.8396,18.8864,1914
Dąbrowice,52.3085,19.0872,1905
Rudka,52.71665,22.70749,1895
Krempna,49.494,21.4864,1887
Regnów,51.7333,20.392,1821
Milejczyce,52.5331,23.1585,1809
Młynarze,52.95438,21.41192,1761
Cisna,49.18132,22.38749,1749
Szulborze Wielkie,52.76113,22.22646,1679
Podedwórze,51.6612,23.2269,1661
Nowe Warpno,53.72256,14.29047,1644
Platerówka,51.06071,15.17401,1631
Dubicze Cerkiewne,52.6403,23.48878,1567
Krynica Morska,54.38166,19.44408,1302